day,consumption_kwh,valid_intervals,expected_intervals,complete,weekend
2026-09-06 00:00:00+02:00,63.03079761904762,33,96,False,True
2026-09-07 00:00:00+02:00,422.14640476190476,96,96,True,False
2026-09-08 00:00:00+02:00,422.12645238095234,96,96,True,False
2026-09-09 00:00:00+02:00,434.51390476190477,96,96,True,False
2026-09-10 00:00:00+02:00,435.7370595238095,96,96,True,False
2026-09-11 00:00:00+02:00,404.594619047619,96,96,True,False
2026-09-12 00:00:00+02:00,162.02755952380954,96,96,True,True
2026-09-13 00:00:00+02:00,164.66988095238094,96,96,True,True
2026-09-14 00:00:00+02:00,392.92365476190474,96,96,True,False
2026-09-15 00:00:00+02:00,421.24759523809524,96,96,True,False
2026-09-16 00:00:00+02:00,401.75513095238097,96,96,True,False
2026-09-17 00:00:00+02:00,460.0798095238095,96,96,True,False
2026-09-18 00:00:00+02:00,343.38538095238096,96,96,True,False
2026-09-19 00:00:00+02:00,165.0302857142857,96,96,True,True
2026-09-20 00:00:00+02:00,105.94846428571427,96,96,True,True
2026-09-21 00:00:00+02:00,353.31958333333336,96,96,True,False
2026-09-22 00:00:00+02:00,369.6030119047619,96,96,True,False
2026-09-23 00:00:00+02:00,387.53840476190476,96,96,True,False
2026-09-24 00:00:00+02:00,579.3968452380952,96,96,True,False
2026-09-25 00:00:00+02:00,760.9956904761905,96,96,True,False
2026-09-26 00:00:00+02:00,468.3682261904762,96,96,True,True
2026-09-27 00:00:00+02:00,445.3967380952381,96,96,True,True
2026-09-28 00:00:00+02:00,542.0116428571429,96,96,True,False
2026-09-29 00:00:00+02:00,380.7420357142857,96,96,True,False
2026-09-30 00:00:00+02:00,449.4215476190476,96,96,True,False
2026-10-01 00:00:00+02:00,420.8182738095238,96,96,True,False
2026-10-02 00:00:00+02:00,398.8055119047619,96,96,True,False
2026-10-03 00:00:00+02:00,200.45925,96,96,True,True
2026-10-04 00:00:00+02:00,144.71134523809525,96,96,True,True
2026-10-05 00:00:00+02:00,411.19786904761906,96,96,True,False
2026-10-06 00:00:00+02:00,360.6765833333333,63,96,False,False
