time,consumption_kw,lower_kw,upper_kw,sample_days
2026-10-07 08:15:00+02:00,34.393935064935064,29.815999999999995,69.49,22
2026-10-07 08:30:00+02:00,35.88997835497835,31.762999999999998,69.49,22
2026-10-07 08:45:00+02:00,39.4659025974026,29.349266666666665,69.49,22
2026-10-07 09:00:00+02:00,38.93094155844156,31.487,69.49,22
2026-10-07 09:15:00+02:00,37.374958874458876,31.832666666666668,68.94999999999999,22
2026-10-07 09:30:00+02:00,33.21833766233766,29.4364,68.94999999999999,22
2026-10-07 09:45:00+02:00,32.527359307359305,26.687333333333335,71.95799999999998,22
2026-10-07 10:00:00+02:00,33.10135064935065,28.911999999999995,80.45,22
2026-10-07 10:15:00+02:00,39.1633354978355,31.13885714285714,80.45,22
2026-10-07 10:30:00+02:00,39.28412987012987,31.215999999999998,80.45,22
2026-10-07 10:45:00+02:00,37.610580086580086,31.179142857142853,80.45,22
2026-10-07 11:00:00+02:00,37.44477489177489,32.50699999999999,80.45,22
2026-10-07 11:15:00+02:00,36.590878787878786,29.550000000000008,76.42,22
2026-10-07 11:30:00+02:00,37.46841558441558,32.771266666666655,76.42,22
2026-10-07 11:45:00+02:00,38.13059523809524,32.11879999999999,76.42,22
2026-10-07 12:00:00+02:00,35.82397835497836,28.829599999999985,76.42,22
2026-10-07 12:15:00+02:00,37.200917748917746,27.736,74.0,22
2026-10-07 12:30:00+02:00,36.05848051948052,28.507333333333342,74.0,22
2026-10-07 12:45:00+02:00,34.016006493506495,23.192666666666668,74.0,22
2026-10-07 13:00:00+02:00,33.62578787878788,16.44466666666667,69.627,22
2026-10-07 13:15:00+02:00,31.42029004329004,17.052666666666664,69.627,22
2026-10-07 13:30:00+02:00,27.24438528138528,20.215333333333326,69.627,22
2026-10-07 13:45:00+02:00,21.229575757575756,16.248676190476207,69.627,22
2026-10-07 14:00:00+02:00,15.362177489177487,10.203333333333333,59.92,22
2026-10-07 14:15:00+02:00,13.591253246753247,5.747238095238096,53.5,22
2026-10-07 14:30:00+02:00,14.763510822510822,5.6213333333333395,53.5,22
2026-10-07 14:45:00+02:00,14.84262337662338,5.718666666666671,53.5,22
2026-10-07 15:00:00+02:00,14.653493506493506,5.710000000000001,53.5,22
2026-10-07 15:15:00+02:00,11.415629870129873,4.838000000000008,53.5,22
2026-10-07 15:30:00+02:00,10.203212121212122,4.8613333333333415,43.67,22
2026-10-07 15:45:00+02:00,10.316848484848485,3.906666666666659,35.802,22
2026-10-07 16:00:00+02:00,9.40781818181818,2.829333333333331,30.23,22
2026-10-07 16:15:00+02:00,8.2065670995671,3.173333333333332,30.23,22
2026-10-07 16:30:00+02:00,9.40096536796537,2.6999999999999957,25.34200000000001,22
2026-10-07 16:45:00+02:00,7.934296536796538,3.836666666666666,24.181999999999995,22
2026-10-07 17:00:00+02:00,8.492541125541127,3.636000000000001,23.634000000000007,22
2026-10-07 17:15:00+02:00,7.876162337662337,3.371904761904761,43.37,22
2026-10-07 17:30:00+02:00,8.18032683982684,3.225400000000001,43.37,22
2026-10-07 17:45:00+02:00,10.07782251082251,2.601333333333334,43.37,22
2026-10-07 18:00:00+02:00,9.495878787878787,3.217199999999999,43.37,22
2026-10-07 18:15:00+02:00,9.08024025974026,2.7379999999999995,43.37,22
2026-10-07 18:30:00+02:00,8.37343722943723,2.64,30.04,22
2026-10-07 18:45:00+02:00,8.484376623376624,3.190666666666667,29.07,22
2026-10-07 19:00:00+02:00,8.35778354978355,3.2800000000000007,27.669999999999998,22
2026-10-07 19:15:00+02:00,6.9755670995671,3.329333333333334,28.79,22
2026-10-07 19:30:00+02:00,6.559212121212121,3.4157333333333337,28.79,22
2026-10-07 19:45:00+02:00,8.33495670995671,3.155333333333334,28.79,22
2026-10-07 20:00:00+02:00,8.046666666666667,2.7533333333333334,28.79,22
2026-10-07 20:15:00+02:00,7.414939393939394,2.796666666666666,28.79,22
2026-10-07 20:30:00+02:00,7.017909090909091,2.9220000000000006,28.11,22
2026-10-07 20:45:00+02:00,7.840212121212121,2.9466666666666663,28.006,22
2026-10-07 21:00:00+02:00,9.129787878787878,3.1326666666666663,29.119999999999997,22
2026-10-07 21:15:00+02:00,9.263214285714286,3.0905333333333336,29.119999999999997,22
2026-10-07 21:30:00+02:00,9.053670995670997,3.249066666666667,29.119999999999997,22
2026-10-07 21:45:00+02:00,7.905969696969697,3.482,29.119999999999997,22
2026-10-07 22:00:00+02:00,7.6570909090909085,3.0279999999999996,29.119999999999997,22
2026-10-07 22:15:00+02:00,6.472974025974026,3.0340000000000003,22.53,22
2026-10-07 22:30:00+02:00,7.278287878787879,2.9613333333333336,22.53,22
2026-10-07 22:45:00+02:00,7.703696969696969,2.8613333333333335,19.503999999999994,22
2026-10-07 23:00:00+02:00,7.7892012987012995,3.0406666666666675,26.455000000000002,22
2026-10-07 23:15:00+02:00,7.5711818181818185,3.0379999999999994,32.1,22
2026-10-07 23:30:00+02:00,6.864123376623376,2.8988,46.56,22
2026-10-07 23:45:00+02:00,9.719647186147187,3.54,46.56,22
2026-10-08 00:00:00+02:00,9.802997835497836,3.3654666666666664,46.56,22
2026-10-08 00:15:00+02:00,8.32777922077922,3.1773333333333227,46.56,22
2026-10-08 00:30:00+02:00,8.292939393939394,2.8913333333333338,46.56,22
2026-10-08 00:45:00+02:00,6.519056277056276,2.9813333333333336,28.43,22
2026-10-08 01:00:00+02:00,6.803969696969698,3.009999999999998,25.630000000000003,22
2026-10-08 01:15:00+02:00,7.105961038961038,3.192,27.019000000000002,22
2026-10-08 01:30:00+02:00,8.060140692640692,3.2273333333333323,29.130000000000003,22
2026-10-08 01:45:00+02:00,7.947025974025976,2.921133333333346,29.130000000000003,22
2026-10-08 02:00:00+02:00,7.936670995670995,2.962000000000001,29.560000000000002,22
2026-10-08 02:15:00+02:00,9.241757575757577,2.9728000000000008,29.560000000000002,22
2026-10-08 02:30:00+02:00,8.620051948051948,3.233714285714286,29.86,22
2026-10-08 02:45:00+02:00,9.199783549783549,3.1306666666666665,29.86,22
2026-10-08 03:00:00+02:00,8.592991341991342,3.054666666666667,29.86,22
2026-10-08 03:15:00+02:00,7.981290043290044,2.990666666666667,29.86,22
2026-10-08 03:30:00+02:00,6.963316017316018,3.2526666666666664,29.86,22
2026-10-08 03:45:00+02:00,7.884196969696969,3.469533333333335,32.410000000000004,22
2026-10-08 04:00:00+02:00,8.277186147186148,3.331733333333333,35.230000000000004,22
2026-10-08 04:15:00+02:00,10.305361471861472,3.935933333333333,39.209999999999994,22
2026-10-08 04:30:00+02:00,14.494365800865802,7.956666666666666,39.209999999999994,22
2026-10-08 04:45:00+02:00,15.947792207792208,8.694666666666667,39.209999999999994,22
2026-10-08 05:00:00+02:00,17.20181168831169,9.364666666666665,41.766000000000005,22
2026-10-08 05:15:00+02:00,18.796515151515152,12.076266666666667,65.96000000000001,22
2026-10-08 05:30:00+02:00,24.402320346320344,13.434,65.96000000000001,22
2026-10-08 05:45:00+02:00,27.644512987012988,19.772000000000002,65.96000000000001,22
2026-10-08 06:00:00+02:00,30.647103896103896,25.4514,66.62,22
2026-10-08 06:15:00+02:00,32.50030735930736,26.655533333333338,69.62,22
2026-10-08 06:30:00+02:00,34.02149134199134,26.710933333333333,69.62,22
2026-10-08 06:45:00+02:00,34.9053658008658,27.021938095238102,69.62,22
2026-10-08 07:00:00+02:00,36.027545454545454,28.30533333333333,69.62,22
2026-10-08 07:15:00+02:00,35.839666666666666,29.511999999999997,69.62,22
2026-10-08 07:30:00+02:00,36.511746753246754,28.325999999999997,66.94500000000002,22
2026-10-08 07:45:00+02:00,36.90702813852813,29.935333333333332,66.94500000000002,22
2026-10-08 08:00:00+02:00,32.90765367965368,28.86266666666667,69.49,22
2026-10-08 08:15:00+02:00,34.393935064935064,29.815999999999995,69.49,22
2026-10-08 08:30:00+02:00,35.88997835497835,31.762999999999998,69.49,22
2026-10-08 08:45:00+02:00,39.4659025974026,29.349266666666665,69.49,22
2026-10-08 09:00:00+02:00,38.93094155844156,31.487,69.49,22
2026-10-08 09:15:00+02:00,37.374958874458876,31.832666666666668,68.94999999999999,22
2026-10-08 09:30:00+02:00,33.21833766233766,29.4364,68.94999999999999,22
2026-10-08 09:45:00+02:00,32.527359307359305,26.687333333333335,71.95799999999998,22
2026-10-08 10:00:00+02:00,33.10135064935065,28.911999999999995,80.45,22
2026-10-08 10:15:00+02:00,39.1633354978355,31.13885714285714,80.45,22
2026-10-08 10:30:00+02:00,39.28412987012987,31.215999999999998,80.45,22
2026-10-08 10:45:00+02:00,37.610580086580086,31.179142857142853,80.45,22
2026-10-08 11:00:00+02:00,37.44477489177489,32.50699999999999,80.45,22
2026-10-08 11:15:00+02:00,36.590878787878786,29.550000000000008,76.42,22
2026-10-08 11:30:00+02:00,37.46841558441558,32.771266666666655,76.42,22
2026-10-08 11:45:00+02:00,38.13059523809524,32.11879999999999,76.42,22
2026-10-08 12:00:00+02:00,35.82397835497836,28.829599999999985,76.42,22
2026-10-08 12:15:00+02:00,37.200917748917746,27.736,74.0,22
2026-10-08 12:30:00+02:00,36.05848051948052,28.507333333333342,74.0,22
2026-10-08 12:45:00+02:00,34.016006493506495,23.192666666666668,74.0,22
2026-10-08 13:00:00+02:00,33.62578787878788,16.44466666666667,69.627,22
2026-10-08 13:15:00+02:00,31.42029004329004,17.052666666666664,69.627,22
2026-10-08 13:30:00+02:00,27.24438528138528,20.215333333333326,69.627,22
2026-10-08 13:45:00+02:00,21.229575757575756,16.248676190476207,69.627,22
2026-10-08 14:00:00+02:00,15.362177489177487,10.203333333333333,59.92,22
2026-10-08 14:15:00+02:00,13.591253246753247,5.747238095238096,53.5,22
2026-10-08 14:30:00+02:00,14.763510822510822,5.6213333333333395,53.5,22
2026-10-08 14:45:00+02:00,14.84262337662338,5.718666666666671,53.5,22
2026-10-08 15:00:00+02:00,14.653493506493506,5.710000000000001,53.5,22
2026-10-08 15:15:00+02:00,11.415629870129873,4.838000000000008,53.5,22
2026-10-08 15:30:00+02:00,10.203212121212122,4.8613333333333415,43.67,22
2026-10-08 15:45:00+02:00,10.316848484848485,3.906666666666659,35.802,22
2026-10-08 16:00:00+02:00,9.40781818181818,2.829333333333331,30.23,22
2026-10-08 16:15:00+02:00,8.2065670995671,3.173333333333332,30.23,22
2026-10-08 16:30:00+02:00,9.40096536796537,2.6999999999999957,25.34200000000001,22
2026-10-08 16:45:00+02:00,7.934296536796538,3.836666666666666,24.181999999999995,22
2026-10-08 17:00:00+02:00,8.492541125541127,3.636000000000001,23.634000000000007,22
2026-10-08 17:15:00+02:00,7.876162337662337,3.371904761904761,43.37,22
2026-10-08 17:30:00+02:00,8.18032683982684,3.225400000000001,43.37,22
2026-10-08 17:45:00+02:00,10.07782251082251,2.601333333333334,43.37,22
2026-10-08 18:00:00+02:00,9.495878787878787,3.217199999999999,43.37,22
2026-10-08 18:15:00+02:00,9.08024025974026,2.7379999999999995,43.37,22
2026-10-08 18:30:00+02:00,8.37343722943723,2.64,30.04,22
2026-10-08 18:45:00+02:00,8.484376623376624,3.190666666666667,29.07,22
2026-10-08 19:00:00+02:00,8.35778354978355,3.2800000000000007,27.669999999999998,22
2026-10-08 19:15:00+02:00,6.9755670995671,3.329333333333334,28.79,22
2026-10-08 19:30:00+02:00,6.559212121212121,3.4157333333333337,28.79,22
2026-10-08 19:45:00+02:00,8.33495670995671,3.155333333333334,28.79,22
2026-10-08 20:00:00+02:00,8.046666666666667,2.7533333333333334,28.79,22
2026-10-08 20:15:00+02:00,7.414939393939394,2.796666666666666,28.79,22
2026-10-08 20:30:00+02:00,7.017909090909091,2.9220000000000006,28.11,22
2026-10-08 20:45:00+02:00,7.840212121212121,2.9466666666666663,28.006,22
2026-10-08 21:00:00+02:00,9.129787878787878,3.1326666666666663,29.119999999999997,22
2026-10-08 21:15:00+02:00,9.263214285714286,3.0905333333333336,29.119999999999997,22
2026-10-08 21:30:00+02:00,9.053670995670997,3.249066666666667,29.119999999999997,22
2026-10-08 21:45:00+02:00,7.905969696969697,3.482,29.119999999999997,22
2026-10-08 22:00:00+02:00,7.6570909090909085,3.0279999999999996,29.119999999999997,22
2026-10-08 22:15:00+02:00,6.472974025974026,3.0340000000000003,22.53,22
2026-10-08 22:30:00+02:00,7.278287878787879,2.9613333333333336,22.53,22
2026-10-08 22:45:00+02:00,7.703696969696969,2.8613333333333335,19.503999999999994,22
2026-10-08 23:00:00+02:00,7.7892012987012995,3.0406666666666675,26.455000000000002,22
2026-10-08 23:15:00+02:00,7.5711818181818185,3.0379999999999994,32.1,22
2026-10-08 23:30:00+02:00,6.864123376623376,2.8988,46.56,22
2026-10-08 23:45:00+02:00,9.719647186147187,3.54,46.56,22
2026-10-09 00:00:00+02:00,9.802997835497836,3.3654666666666664,46.56,22
2026-10-09 00:15:00+02:00,8.32777922077922,3.1773333333333227,46.56,22
2026-10-09 00:30:00+02:00,8.292939393939394,2.8913333333333338,46.56,22
2026-10-09 00:45:00+02:00,6.519056277056276,2.9813333333333336,28.43,22
2026-10-09 01:00:00+02:00,6.803969696969698,3.009999999999998,25.630000000000003,22
2026-10-09 01:15:00+02:00,7.105961038961038,3.192,27.019000000000002,22
2026-10-09 01:30:00+02:00,8.060140692640692,3.2273333333333323,29.130000000000003,22
2026-10-09 01:45:00+02:00,7.947025974025976,2.921133333333346,29.130000000000003,22
2026-10-09 02:00:00+02:00,7.936670995670995,2.962000000000001,29.560000000000002,22
2026-10-09 02:15:00+02:00,9.241757575757577,2.9728000000000008,29.560000000000002,22
2026-10-09 02:30:00+02:00,8.620051948051948,3.233714285714286,29.86,22
2026-10-09 02:45:00+02:00,9.199783549783549,3.1306666666666665,29.86,22
2026-10-09 03:00:00+02:00,8.592991341991342,3.054666666666667,29.86,22
2026-10-09 03:15:00+02:00,7.981290043290044,2.990666666666667,29.86,22
2026-10-09 03:30:00+02:00,6.963316017316018,3.2526666666666664,29.86,22
2026-10-09 03:45:00+02:00,7.884196969696969,3.469533333333335,32.410000000000004,22
2026-10-09 04:00:00+02:00,8.277186147186148,3.331733333333333,35.230000000000004,22
2026-10-09 04:15:00+02:00,10.305361471861472,3.935933333333333,39.209999999999994,22
2026-10-09 04:30:00+02:00,14.494365800865802,7.956666666666666,39.209999999999994,22
2026-10-09 04:45:00+02:00,15.947792207792208,8.694666666666667,39.209999999999994,22
2026-10-09 05:00:00+02:00,17.20181168831169,9.364666666666665,41.766000000000005,22
2026-10-09 05:15:00+02:00,18.796515151515152,12.076266666666667,65.96000000000001,22
2026-10-09 05:30:00+02:00,24.402320346320344,13.434,65.96000000000001,22
2026-10-09 05:45:00+02:00,27.644512987012988,19.772000000000002,65.96000000000001,22
2026-10-09 06:00:00+02:00,30.647103896103896,25.4514,66.62,22
2026-10-09 06:15:00+02:00,32.50030735930736,26.655533333333338,69.62,22
2026-10-09 06:30:00+02:00,34.02149134199134,26.710933333333333,69.62,22
2026-10-09 06:45:00+02:00,34.9053658008658,27.021938095238102,69.62,22
2026-10-09 07:00:00+02:00,36.027545454545454,28.30533333333333,69.62,22
2026-10-09 07:15:00+02:00,35.839666666666666,29.511999999999997,69.62,22
2026-10-09 07:30:00+02:00,36.511746753246754,28.325999999999997,66.94500000000002,22
2026-10-09 07:45:00+02:00,36.90702813852813,29.935333333333332,66.94500000000002,22
2026-10-09 08:00:00+02:00,32.90765367965368,28.86266666666667,69.49,22
2026-10-09 08:15:00+02:00,34.393935064935064,29.815999999999995,69.49,22
2026-10-09 08:30:00+02:00,35.88997835497835,31.762999999999998,69.49,22
2026-10-09 08:45:00+02:00,39.4659025974026,29.349266666666665,69.49,22
2026-10-09 09:00:00+02:00,38.93094155844156,31.487,69.49,22
2026-10-09 09:15:00+02:00,37.374958874458876,31.832666666666668,68.94999999999999,22
2026-10-09 09:30:00+02:00,33.21833766233766,29.4364,68.94999999999999,22
2026-10-09 09:45:00+02:00,32.527359307359305,26.687333333333335,71.95799999999998,22
2026-10-09 10:00:00+02:00,33.10135064935065,28.911999999999995,80.45,22
2026-10-09 10:15:00+02:00,39.1633354978355,31.13885714285714,80.45,22
2026-10-09 10:30:00+02:00,39.28412987012987,31.215999999999998,80.45,22
2026-10-09 10:45:00+02:00,37.610580086580086,31.179142857142853,80.45,22
2026-10-09 11:00:00+02:00,37.44477489177489,32.50699999999999,80.45,22
2026-10-09 11:15:00+02:00,36.590878787878786,29.550000000000008,76.42,22
2026-10-09 11:30:00+02:00,37.46841558441558,32.771266666666655,76.42,22
2026-10-09 11:45:00+02:00,38.13059523809524,32.11879999999999,76.42,22
2026-10-09 12:00:00+02:00,35.82397835497836,28.829599999999985,76.42,22
2026-10-09 12:15:00+02:00,37.200917748917746,27.736,74.0,22
2026-10-09 12:30:00+02:00,36.05848051948052,28.507333333333342,74.0,22
2026-10-09 12:45:00+02:00,34.016006493506495,23.192666666666668,74.0,22
2026-10-09 13:00:00+02:00,33.62578787878788,16.44466666666667,69.627,22
2026-10-09 13:15:00+02:00,31.42029004329004,17.052666666666664,69.627,22
2026-10-09 13:30:00+02:00,27.24438528138528,20.215333333333326,69.627,22
2026-10-09 13:45:00+02:00,21.229575757575756,16.248676190476207,69.627,22
2026-10-09 14:00:00+02:00,15.362177489177487,10.203333333333333,59.92,22
2026-10-09 14:15:00+02:00,13.591253246753247,5.747238095238096,53.5,22
2026-10-09 14:30:00+02:00,14.763510822510822,5.6213333333333395,53.5,22
2026-10-09 14:45:00+02:00,14.84262337662338,5.718666666666671,53.5,22
2026-10-09 15:00:00+02:00,14.653493506493506,5.710000000000001,53.5,22
2026-10-09 15:15:00+02:00,11.415629870129873,4.838000000000008,53.5,22
2026-10-09 15:30:00+02:00,10.203212121212122,4.8613333333333415,43.67,22
2026-10-09 15:45:00+02:00,10.316848484848485,3.906666666666659,35.802,22
2026-10-09 16:00:00+02:00,9.40781818181818,2.829333333333331,30.23,22
2026-10-09 16:15:00+02:00,8.2065670995671,3.173333333333332,30.23,22
2026-10-09 16:30:00+02:00,9.40096536796537,2.6999999999999957,25.34200000000001,22
2026-10-09 16:45:00+02:00,7.934296536796538,3.836666666666666,24.181999999999995,22
2026-10-09 17:00:00+02:00,8.492541125541127,3.636000000000001,23.634000000000007,22
2026-10-09 17:15:00+02:00,7.876162337662337,3.371904761904761,43.37,22
2026-10-09 17:30:00+02:00,8.18032683982684,3.225400000000001,43.37,22
2026-10-09 17:45:00+02:00,10.07782251082251,2.601333333333334,43.37,22
2026-10-09 18:00:00+02:00,9.495878787878787,3.217199999999999,43.37,22
2026-10-09 18:15:00+02:00,9.08024025974026,2.7379999999999995,43.37,22
2026-10-09 18:30:00+02:00,8.37343722943723,2.64,30.04,22
2026-10-09 18:45:00+02:00,8.484376623376624,3.190666666666667,29.07,22
2026-10-09 19:00:00+02:00,8.35778354978355,3.2800000000000007,27.669999999999998,22
2026-10-09 19:15:00+02:00,6.9755670995671,3.329333333333334,28.79,22
2026-10-09 19:30:00+02:00,6.559212121212121,3.4157333333333337,28.79,22
2026-10-09 19:45:00+02:00,8.33495670995671,3.155333333333334,28.79,22
2026-10-09 20:00:00+02:00,8.046666666666667,2.7533333333333334,28.79,22
2026-10-09 20:15:00+02:00,7.414939393939394,2.796666666666666,28.79,22
2026-10-09 20:30:00+02:00,7.017909090909091,2.9220000000000006,28.11,22
2026-10-09 20:45:00+02:00,7.840212121212121,2.9466666666666663,28.006,22
2026-10-09 21:00:00+02:00,9.129787878787878,3.1326666666666663,29.119999999999997,22
2026-10-09 21:15:00+02:00,9.263214285714286,3.0905333333333336,29.119999999999997,22
2026-10-09 21:30:00+02:00,9.053670995670997,3.249066666666667,29.119999999999997,22
2026-10-09 21:45:00+02:00,7.905969696969697,3.482,29.119999999999997,22
2026-10-09 22:00:00+02:00,7.6570909090909085,3.0279999999999996,29.119999999999997,22
2026-10-09 22:15:00+02:00,6.472974025974026,3.0340000000000003,22.53,22
2026-10-09 22:30:00+02:00,7.278287878787879,2.9613333333333336,22.53,22
2026-10-09 22:45:00+02:00,7.703696969696969,2.8613333333333335,19.503999999999994,22
2026-10-09 23:00:00+02:00,7.7892012987012995,3.0406666666666675,26.455000000000002,22
2026-10-09 23:15:00+02:00,7.5711818181818185,3.0379999999999994,32.1,22
2026-10-09 23:30:00+02:00,6.864123376623376,2.8988,46.56,22
2026-10-09 23:45:00+02:00,9.719647186147187,3.54,46.56,22
2026-10-10 00:00:00+02:00,11.258166666666668,3.3164666666666665,28.003999999999998,8
2026-10-10 00:15:00+02:00,10.239583333333334,3.3792666666666666,28.275,8
2026-10-10 00:30:00+02:00,10.435238095238095,2.800571428571429,28.275,8
2026-10-10 00:45:00+02:00,9.517642857142857,3.0306666666666673,28.275,8
2026-10-10 01:00:00+02:00,6.276601190476191,2.9154761904761903,28.275,8
2026-10-10 01:15:00+02:00,4.349178571428571,3.0860000000000003,28.275,8
2026-10-10 01:30:00+02:00,10.415154761904763,3.0860000000000007,31.75,8
2026-10-10 01:45:00+02:00,10.446214285714285,3.5080000000000005,31.75,8
2026-10-10 02:00:00+02:00,14.348880952380954,4.2942,31.75,8
2026-10-10 02:15:00+02:00,13.499250000000002,3.0491333333333346,31.75,8
2026-10-10 02:30:00+02:00,7.609333333333334,3.4960666666666667,31.75,8
2026-10-10 02:45:00+02:00,4.8144880952380955,2.9357333333333337,28.480999999999998,8
2026-10-10 03:00:00+02:00,11.916529761904762,2.9727333333333332,28.480999999999998,8
2026-10-10 03:15:00+02:00,10.2915,3.1370000000000005,29.172,8
2026-10-10 03:30:00+02:00,9.768488095238094,2.9593333333333325,29.172,8
2026-10-10 03:45:00+02:00,9.614220238095239,2.8100000000000005,29.172,8
2026-10-10 04:00:00+02:00,4.599916666666667,2.9300000000000006,29.172,8
2026-10-10 04:15:00+02:00,7.516416666666667,3.049333333333334,29.172,8
2026-10-10 04:30:00+02:00,13.160732142857142,3.45,28.52,8
2026-10-10 04:45:00+02:00,10.389833333333334,3.3753333333333333,28.52,8
2026-10-10 05:00:00+02:00,12.586666666666666,2.7910666666666666,28.52,8
2026-10-10 05:15:00+02:00,9.572666666666667,3.0469333333333335,28.52,8
2026-10-10 05:30:00+02:00,4.281583333333334,3.094866666666667,28.52,8
2026-10-10 05:45:00+02:00,8.739416666666667,3.120066666666666,27.85,8
2026-10-10 06:00:00+02:00,11.843583333333335,3.0860000000000003,33.3,8
2026-10-10 06:15:00+02:00,12.212416666666666,3.1206666666666667,38.79,8
2026-10-10 06:30:00+02:00,13.257333333333335,2.8600000000000003,38.79,8
2026-10-10 06:45:00+02:00,10.7265,3.711133333333333,38.79,8
2026-10-10 07:00:00+02:00,8.424166666666668,3.180266666666667,38.79,8
2026-10-10 07:15:00+02:00,11.450464285714286,3.9303333333333335,38.79,8
2026-10-10 07:30:00+02:00,11.095583333333334,2.7155333333333336,29.37,8
2026-10-10 07:45:00+02:00,12.244982142857143,2.574000000000001,28.580000000000002,8
2026-10-10 08:00:00+02:00,12.010642857142857,2.3880000000000017,28.406000000000002,8
2026-10-10 08:15:00+02:00,6.38477380952381,2.254666666666667,28.406000000000002,8
2026-10-10 08:30:00+02:00,7.398000000000001,2.3033333333333363,28.555,8
2026-10-10 08:45:00+02:00,11.857166666666664,2.3033333333333292,28.555,8
2026-10-10 09:00:00+02:00,13.445267857142857,3.4724666666666706,30.916999999999998,8
2026-10-10 09:15:00+02:00,14.385380952380949,5.021933333333324,30.916999999999998,8
2026-10-10 09:30:00+02:00,11.818833333333334,6.234399999999998,30.916999999999998,8
2026-10-10 09:45:00+02:00,6.889988095238093,3.2382857142857127,30.916999999999998,8
2026-10-10 10:00:00+02:00,8.738660714285714,1.8990000000000031,30.916999999999998,8
2026-10-10 10:15:00+02:00,11.767083333333336,2.494000000000007,31.0,8
2026-10-10 10:30:00+02:00,11.237732142857137,2.5873333333333193,31.0,8
2026-10-10 10:45:00+02:00,9.763666666666664,1.9679999999999964,31.0,8
2026-10-10 11:00:00+02:00,7.196749999999996,2.613333333333337,48.650000000000006,8
2026-10-10 11:15:00+02:00,9.661630952380955,2.9006666666666803,48.650000000000006,8
2026-10-10 11:30:00+02:00,11.529172619047621,4.102133333333338,48.650000000000006,8
2026-10-10 11:45:00+02:00,12.946916666666667,3.7710666666666683,48.650000000000006,8
2026-10-10 12:00:00+02:00,13.078583333333334,3.7732666666666725,52.20399999999999,8
2026-10-10 12:15:00+02:00,10.667613095238096,3.803600000000009,52.20399999999999,8
2026-10-10 12:30:00+02:00,12.53833333333333,7.285933333333325,52.20399999999999,8
2026-10-10 12:45:00+02:00,11.465083333333336,3.0559999999999903,52.20399999999999,8
2026-10-10 13:00:00+02:00,11.88578571428571,3.0069523809523773,52.20399999999999,8
2026-10-10 13:15:00+02:00,10.234839285714283,3.1820000000000093,34.50899999999999,8
2026-10-10 13:30:00+02:00,7.270976190476192,3.4660000000000224,34.50899999999999,8
2026-10-10 13:45:00+02:00,8.459666666666667,4.0433333333333366,34.50899999999999,8
2026-10-10 14:00:00+02:00,10.516083333333334,3.955999999999989,34.50899999999999,8
2026-10-10 14:15:00+02:00,11.175166666666668,3.445999999999998,34.50899999999999,8
2026-10-10 14:30:00+02:00,9.009249999999993,3.095933333333325,32.46699999999999,8
2026-10-10 14:45:00+02:00,6.0216488095238105,3.0589999999999975,38.717999999999996,8
2026-10-10 15:00:00+02:00,8.621166666666669,3.377999999999993,38.717999999999996,8
2026-10-10 15:15:00+02:00,12.717083333333331,4.0555999999999885,38.717999999999996,8
2026-10-10 15:30:00+02:00,12.330964285714288,4.071600000000001,38.717999999999996,8
2026-10-10 15:45:00+02:00,10.617083333333333,3.994466666666665,38.717999999999996,8
2026-10-10 16:00:00+02:00,5.143916666666662,3.0805999999999942,29.752,8
2026-10-10 16:15:00+02:00,6.939839285714287,3.3019999999999996,29.752,8
2026-10-10 16:30:00+02:00,11.486833333333337,3.6053333333333413,29.054000000000002,8
2026-10-10 16:45:00+02:00,10.014916666666668,3.192666666666671,29.054000000000002,8
2026-10-10 17:00:00+02:00,9.760357142857142,3.067333333333332,29.054000000000002,8
2026-10-10 17:15:00+02:00,5.527500000000001,2.9284666666666674,29.054000000000002,8
2026-10-10 17:30:00+02:00,6.275613095238095,2.9540476190476186,29.054000000000002,8
2026-10-10 17:45:00+02:00,11.536,2.95,28.59,8
2026-10-10 18:00:00+02:00,10.055250000000001,3.867800000000001,28.59,8
2026-10-10 18:15:00+02:00,9.372666666666667,2.5586666666666664,28.59,8
2026-10-10 18:30:00+02:00,7.511148809523809,2.353333333333334,30.018000000000004,8
2026-10-10 18:45:00+02:00,6.062833333333334,2.8495333333333335,30.018000000000004,8
2026-10-10 19:00:00+02:00,9.834988095238096,3.120304761904762,30.018000000000004,8
2026-10-10 19:15:00+02:00,11.004999999999999,3.006666666666667,30.018000000000004,8
2026-10-10 19:30:00+02:00,10.008553571428571,3.261333333333334,30.018000000000004,8
2026-10-10 19:45:00+02:00,4.523327380952381,2.8953333333333338,28.639,8
2026-10-10 20:00:00+02:00,5.933744047619047,2.9166666666666665,28.069000000000003,8
2026-10-10 20:15:00+02:00,9.833773809523809,3.1148571428571428,28.659999999999997,8
2026-10-10 20:30:00+02:00,10.333166666666667,3.0319999999999996,28.659999999999997,8
2026-10-10 20:45:00+02:00,12.162511904761905,3.434,29.28,8
2026-10-10 21:00:00+02:00,7.310583333333334,3.2827333333333337,31.04,8
2026-10-10 21:15:00+02:00,7.580416666666666,2.947866666666667,31.04,8
2026-10-10 21:30:00+02:00,11.233416666666667,3.2266666666666666,31.04,8
2026-10-10 21:45:00+02:00,10.442565476190476,2.8866666666666667,31.04,8
2026-10-10 22:00:00+02:00,9.624916666666667,3.2035333333333336,31.04,8
2026-10-10 22:15:00+02:00,7.098833333333333,2.939333333333334,27.67,8
2026-10-10 22:30:00+02:00,5.499416666666667,3.1080000000000005,27.098,8
2026-10-10 22:45:00+02:00,9.163809523809524,3.0020000000000007,28.843999999999998,8
2026-10-10 23:00:00+02:00,9.806,2.8613333333333335,28.843999999999998,8
2026-10-10 23:15:00+02:00,10.080833333333333,3.228866666666667,28.843999999999998,8
2026-10-10 23:30:00+02:00,9.435,3.079533333333334,28.843999999999998,8
2026-10-10 23:45:00+02:00,7.164416666666666,3.0413333333333323,28.843999999999998,8
2026-10-11 00:00:00+02:00,11.258166666666668,3.3164666666666665,28.003999999999998,8
2026-10-11 00:15:00+02:00,10.239583333333334,3.3792666666666666,28.275,8
2026-10-11 00:30:00+02:00,10.435238095238095,2.800571428571429,28.275,8
2026-10-11 00:45:00+02:00,9.517642857142857,3.0306666666666673,28.275,8
2026-10-11 01:00:00+02:00,6.276601190476191,2.9154761904761903,28.275,8
2026-10-11 01:15:00+02:00,4.349178571428571,3.0860000000000003,28.275,8
2026-10-11 01:30:00+02:00,10.415154761904763,3.0860000000000007,31.75,8
2026-10-11 01:45:00+02:00,10.446214285714285,3.5080000000000005,31.75,8
2026-10-11 02:00:00+02:00,14.348880952380954,4.2942,31.75,8
2026-10-11 02:15:00+02:00,13.499250000000002,3.0491333333333346,31.75,8
2026-10-11 02:30:00+02:00,7.609333333333334,3.4960666666666667,31.75,8
2026-10-11 02:45:00+02:00,4.8144880952380955,2.9357333333333337,28.480999999999998,8
2026-10-11 03:00:00+02:00,11.916529761904762,2.9727333333333332,28.480999999999998,8
2026-10-11 03:15:00+02:00,10.2915,3.1370000000000005,29.172,8
2026-10-11 03:30:00+02:00,9.768488095238094,2.9593333333333325,29.172,8
2026-10-11 03:45:00+02:00,9.614220238095239,2.8100000000000005,29.172,8
2026-10-11 04:00:00+02:00,4.599916666666667,2.9300000000000006,29.172,8
2026-10-11 04:15:00+02:00,7.516416666666667,3.049333333333334,29.172,8
2026-10-11 04:30:00+02:00,13.160732142857142,3.45,28.52,8
2026-10-11 04:45:00+02:00,10.389833333333334,3.3753333333333333,28.52,8
2026-10-11 05:00:00+02:00,12.586666666666666,2.7910666666666666,28.52,8
2026-10-11 05:15:00+02:00,9.572666666666667,3.0469333333333335,28.52,8
2026-10-11 05:30:00+02:00,4.281583333333334,3.094866666666667,28.52,8
2026-10-11 05:45:00+02:00,8.739416666666667,3.120066666666666,27.85,8
2026-10-11 06:00:00+02:00,11.843583333333335,3.0860000000000003,33.3,8
2026-10-11 06:15:00+02:00,12.212416666666666,3.1206666666666667,38.79,8
2026-10-11 06:30:00+02:00,13.257333333333335,2.8600000000000003,38.79,8
2026-10-11 06:45:00+02:00,10.7265,3.711133333333333,38.79,8
2026-10-11 07:00:00+02:00,8.424166666666668,3.180266666666667,38.79,8
2026-10-11 07:15:00+02:00,11.450464285714286,3.9303333333333335,38.79,8
2026-10-11 07:30:00+02:00,11.095583333333334,2.7155333333333336,29.37,8
2026-10-11 07:45:00+02:00,12.244982142857143,2.574000000000001,28.580000000000002,8
2026-10-11 08:00:00+02:00,12.010642857142857,2.3880000000000017,28.406000000000002,8
2026-10-11 08:15:00+02:00,6.38477380952381,2.254666666666667,28.406000000000002,8
2026-10-11 08:30:00+02:00,7.398000000000001,2.3033333333333363,28.555,8
2026-10-11 08:45:00+02:00,11.857166666666664,2.3033333333333292,28.555,8
2026-10-11 09:00:00+02:00,13.445267857142857,3.4724666666666706,30.916999999999998,8
2026-10-11 09:15:00+02:00,14.385380952380949,5.021933333333324,30.916999999999998,8
2026-10-11 09:30:00+02:00,11.818833333333334,6.234399999999998,30.916999999999998,8
2026-10-11 09:45:00+02:00,6.889988095238093,3.2382857142857127,30.916999999999998,8
2026-10-11 10:00:00+02:00,8.738660714285714,1.8990000000000031,30.916999999999998,8
2026-10-11 10:15:00+02:00,11.767083333333336,2.494000000000007,31.0,8
2026-10-11 10:30:00+02:00,11.237732142857137,2.5873333333333193,31.0,8
2026-10-11 10:45:00+02:00,9.763666666666664,1.9679999999999964,31.0,8
2026-10-11 11:00:00+02:00,7.196749999999996,2.613333333333337,48.650000000000006,8
2026-10-11 11:15:00+02:00,9.661630952380955,2.9006666666666803,48.650000000000006,8
2026-10-11 11:30:00+02:00,11.529172619047621,4.102133333333338,48.650000000000006,8
2026-10-11 11:45:00+02:00,12.946916666666667,3.7710666666666683,48.650000000000006,8
2026-10-11 12:00:00+02:00,13.078583333333334,3.7732666666666725,52.20399999999999,8
2026-10-11 12:15:00+02:00,10.667613095238096,3.803600000000009,52.20399999999999,8
2026-10-11 12:30:00+02:00,12.53833333333333,7.285933333333325,52.20399999999999,8
2026-10-11 12:45:00+02:00,11.465083333333336,3.0559999999999903,52.20399999999999,8
2026-10-11 13:00:00+02:00,11.88578571428571,3.0069523809523773,52.20399999999999,8
2026-10-11 13:15:00+02:00,10.234839285714283,3.1820000000000093,34.50899999999999,8
2026-10-11 13:30:00+02:00,7.270976190476192,3.4660000000000224,34.50899999999999,8
2026-10-11 13:45:00+02:00,8.459666666666667,4.0433333333333366,34.50899999999999,8
2026-10-11 14:00:00+02:00,10.516083333333334,3.955999999999989,34.50899999999999,8
2026-10-11 14:15:00+02:00,11.175166666666668,3.445999999999998,34.50899999999999,8
2026-10-11 14:30:00+02:00,9.009249999999993,3.095933333333325,32.46699999999999,8
2026-10-11 14:45:00+02:00,6.0216488095238105,3.0589999999999975,38.717999999999996,8
2026-10-11 15:00:00+02:00,8.621166666666669,3.377999999999993,38.717999999999996,8
2026-10-11 15:15:00+02:00,12.717083333333331,4.0555999999999885,38.717999999999996,8
2026-10-11 15:30:00+02:00,12.330964285714288,4.071600000000001,38.717999999999996,8
2026-10-11 15:45:00+02:00,10.617083333333333,3.994466666666665,38.717999999999996,8
2026-10-11 16:00:00+02:00,5.143916666666662,3.0805999999999942,29.752,8
2026-10-11 16:15:00+02:00,6.939839285714287,3.3019999999999996,29.752,8
2026-10-11 16:30:00+02:00,11.486833333333337,3.6053333333333413,29.054000000000002,8
2026-10-11 16:45:00+02:00,10.014916666666668,3.192666666666671,29.054000000000002,8
2026-10-11 17:00:00+02:00,9.760357142857142,3.067333333333332,29.054000000000002,8
2026-10-11 17:15:00+02:00,5.527500000000001,2.9284666666666674,29.054000000000002,8
2026-10-11 17:30:00+02:00,6.275613095238095,2.9540476190476186,29.054000000000002,8
2026-10-11 17:45:00+02:00,11.536,2.95,28.59,8
2026-10-11 18:00:00+02:00,10.055250000000001,3.867800000000001,28.59,8
2026-10-11 18:15:00+02:00,9.372666666666667,2.5586666666666664,28.59,8
2026-10-11 18:30:00+02:00,7.511148809523809,2.353333333333334,30.018000000000004,8
2026-10-11 18:45:00+02:00,6.062833333333334,2.8495333333333335,30.018000000000004,8
2026-10-11 19:00:00+02:00,9.834988095238096,3.120304761904762,30.018000000000004,8
2026-10-11 19:15:00+02:00,11.004999999999999,3.006666666666667,30.018000000000004,8
2026-10-11 19:30:00+02:00,10.008553571428571,3.261333333333334,30.018000000000004,8
2026-10-11 19:45:00+02:00,4.523327380952381,2.8953333333333338,28.639,8
2026-10-11 20:00:00+02:00,5.933744047619047,2.9166666666666665,28.069000000000003,8
2026-10-11 20:15:00+02:00,9.833773809523809,3.1148571428571428,28.659999999999997,8
2026-10-11 20:30:00+02:00,10.333166666666667,3.0319999999999996,28.659999999999997,8
2026-10-11 20:45:00+02:00,12.162511904761905,3.434,29.28,8
2026-10-11 21:00:00+02:00,7.310583333333334,3.2827333333333337,31.04,8
2026-10-11 21:15:00+02:00,7.580416666666666,2.947866666666667,31.04,8
2026-10-11 21:30:00+02:00,11.233416666666667,3.2266666666666666,31.04,8
2026-10-11 21:45:00+02:00,10.442565476190476,2.8866666666666667,31.04,8
2026-10-11 22:00:00+02:00,9.624916666666667,3.2035333333333336,31.04,8
2026-10-11 22:15:00+02:00,7.098833333333333,2.939333333333334,27.67,8
2026-10-11 22:30:00+02:00,5.499416666666667,3.1080000000000005,27.098,8
2026-10-11 22:45:00+02:00,9.163809523809524,3.0020000000000007,28.843999999999998,8
2026-10-11 23:00:00+02:00,9.806,2.8613333333333335,28.843999999999998,8
2026-10-11 23:15:00+02:00,10.080833333333333,3.228866666666667,28.843999999999998,8
2026-10-11 23:30:00+02:00,9.435,3.079533333333334,28.843999999999998,8
2026-10-11 23:45:00+02:00,7.164416666666666,3.0413333333333323,28.843999999999998,8
2026-10-12 00:00:00+02:00,9.802997835497836,3.3654666666666664,46.56,22
2026-10-12 00:15:00+02:00,8.32777922077922,3.1773333333333227,46.56,22
2026-10-12 00:30:00+02:00,8.292939393939394,2.8913333333333338,46.56,22
2026-10-12 00:45:00+02:00,6.519056277056276,2.9813333333333336,28.43,22
2026-10-12 01:00:00+02:00,6.803969696969698,3.009999999999998,25.630000000000003,22
2026-10-12 01:15:00+02:00,7.105961038961038,3.192,27.019000000000002,22
2026-10-12 01:30:00+02:00,8.060140692640692,3.2273333333333323,29.130000000000003,22
2026-10-12 01:45:00+02:00,7.947025974025976,2.921133333333346,29.130000000000003,22
2026-10-12 02:00:00+02:00,7.936670995670995,2.962000000000001,29.560000000000002,22
2026-10-12 02:15:00+02:00,9.241757575757577,2.9728000000000008,29.560000000000002,22
2026-10-12 02:30:00+02:00,8.620051948051948,3.233714285714286,29.86,22
2026-10-12 02:45:00+02:00,9.199783549783549,3.1306666666666665,29.86,22
2026-10-12 03:00:00+02:00,8.592991341991342,3.054666666666667,29.86,22
2026-10-12 03:15:00+02:00,7.981290043290044,2.990666666666667,29.86,22
2026-10-12 03:30:00+02:00,6.963316017316018,3.2526666666666664,29.86,22
2026-10-12 03:45:00+02:00,7.884196969696969,3.469533333333335,32.410000000000004,22
2026-10-12 04:00:00+02:00,8.277186147186148,3.331733333333333,35.230000000000004,22
2026-10-12 04:15:00+02:00,10.305361471861472,3.935933333333333,39.209999999999994,22
2026-10-12 04:30:00+02:00,14.494365800865802,7.956666666666666,39.209999999999994,22
2026-10-12 04:45:00+02:00,15.947792207792208,8.694666666666667,39.209999999999994,22
2026-10-12 05:00:00+02:00,17.20181168831169,9.364666666666665,41.766000000000005,22
2026-10-12 05:15:00+02:00,18.796515151515152,12.076266666666667,65.96000000000001,22
2026-10-12 05:30:00+02:00,24.402320346320344,13.434,65.96000000000001,22
2026-10-12 05:45:00+02:00,27.644512987012988,19.772000000000002,65.96000000000001,22
2026-10-12 06:00:00+02:00,30.647103896103896,25.4514,66.62,22
2026-10-12 06:15:00+02:00,32.50030735930736,26.655533333333338,69.62,22
2026-10-12 06:30:00+02:00,34.02149134199134,26.710933333333333,69.62,22
2026-10-12 06:45:00+02:00,34.9053658008658,27.021938095238102,69.62,22
2026-10-12 07:00:00+02:00,36.027545454545454,28.30533333333333,69.62,22
2026-10-12 07:15:00+02:00,35.839666666666666,29.511999999999997,69.62,22
2026-10-12 07:30:00+02:00,36.511746753246754,28.325999999999997,66.94500000000002,22
2026-10-12 07:45:00+02:00,36.90702813852813,29.935333333333332,66.94500000000002,22
2026-10-12 08:00:00+02:00,32.90765367965368,28.86266666666667,69.49,22
2026-10-12 08:15:00+02:00,34.393935064935064,29.815999999999995,69.49,22
2026-10-12 08:30:00+02:00,35.88997835497835,31.762999999999998,69.49,22
2026-10-12 08:45:00+02:00,39.4659025974026,29.349266666666665,69.49,22
2026-10-12 09:00:00+02:00,38.93094155844156,31.487,69.49,22
2026-10-12 09:15:00+02:00,37.374958874458876,31.832666666666668,68.94999999999999,22
2026-10-12 09:30:00+02:00,33.21833766233766,29.4364,68.94999999999999,22
2026-10-12 09:45:00+02:00,32.527359307359305,26.687333333333335,71.95799999999998,22
2026-10-12 10:00:00+02:00,33.10135064935065,28.911999999999995,80.45,22
2026-10-12 10:15:00+02:00,39.1633354978355,31.13885714285714,80.45,22
2026-10-12 10:30:00+02:00,39.28412987012987,31.215999999999998,80.45,22
2026-10-12 10:45:00+02:00,37.610580086580086,31.179142857142853,80.45,22
2026-10-12 11:00:00+02:00,37.44477489177489,32.50699999999999,80.45,22
2026-10-12 11:15:00+02:00,36.590878787878786,29.550000000000008,76.42,22
2026-10-12 11:30:00+02:00,37.46841558441558,32.771266666666655,76.42,22
2026-10-12 11:45:00+02:00,38.13059523809524,32.11879999999999,76.42,22
2026-10-12 12:00:00+02:00,35.82397835497836,28.829599999999985,76.42,22
2026-10-12 12:15:00+02:00,37.200917748917746,27.736,74.0,22
2026-10-12 12:30:00+02:00,36.05848051948052,28.507333333333342,74.0,22
2026-10-12 12:45:00+02:00,34.016006493506495,23.192666666666668,74.0,22
2026-10-12 13:00:00+02:00,33.62578787878788,16.44466666666667,69.627,22
2026-10-12 13:15:00+02:00,31.42029004329004,17.052666666666664,69.627,22
2026-10-12 13:30:00+02:00,27.24438528138528,20.215333333333326,69.627,22
2026-10-12 13:45:00+02:00,21.229575757575756,16.248676190476207,69.627,22
2026-10-12 14:00:00+02:00,15.362177489177487,10.203333333333333,59.92,22
2026-10-12 14:15:00+02:00,13.591253246753247,5.747238095238096,53.5,22
2026-10-12 14:30:00+02:00,14.763510822510822,5.6213333333333395,53.5,22
2026-10-12 14:45:00+02:00,14.84262337662338,5.718666666666671,53.5,22
2026-10-12 15:00:00+02:00,14.653493506493506,5.710000000000001,53.5,22
2026-10-12 15:15:00+02:00,11.415629870129873,4.838000000000008,53.5,22
2026-10-12 15:30:00+02:00,10.203212121212122,4.8613333333333415,43.67,22
2026-10-12 15:45:00+02:00,10.316848484848485,3.906666666666659,35.802,22
2026-10-12 16:00:00+02:00,9.40781818181818,2.829333333333331,30.23,22
2026-10-12 16:15:00+02:00,8.2065670995671,3.173333333333332,30.23,22
2026-10-12 16:30:00+02:00,9.40096536796537,2.6999999999999957,25.34200000000001,22
2026-10-12 16:45:00+02:00,7.934296536796538,3.836666666666666,24.181999999999995,22
2026-10-12 17:00:00+02:00,8.492541125541127,3.636000000000001,23.634000000000007,22
2026-10-12 17:15:00+02:00,7.876162337662337,3.371904761904761,43.37,22
2026-10-12 17:30:00+02:00,8.18032683982684,3.225400000000001,43.37,22
2026-10-12 17:45:00+02:00,10.07782251082251,2.601333333333334,43.37,22
2026-10-12 18:00:00+02:00,9.495878787878787,3.217199999999999,43.37,22
2026-10-12 18:15:00+02:00,9.08024025974026,2.7379999999999995,43.37,22
2026-10-12 18:30:00+02:00,8.37343722943723,2.64,30.04,22
2026-10-12 18:45:00+02:00,8.484376623376624,3.190666666666667,29.07,22
2026-10-12 19:00:00+02:00,8.35778354978355,3.2800000000000007,27.669999999999998,22
2026-10-12 19:15:00+02:00,6.9755670995671,3.329333333333334,28.79,22
2026-10-12 19:30:00+02:00,6.559212121212121,3.4157333333333337,28.79,22
2026-10-12 19:45:00+02:00,8.33495670995671,3.155333333333334,28.79,22
2026-10-12 20:00:00+02:00,8.046666666666667,2.7533333333333334,28.79,22
2026-10-12 20:15:00+02:00,7.414939393939394,2.796666666666666,28.79,22
2026-10-12 20:30:00+02:00,7.017909090909091,2.9220000000000006,28.11,22
2026-10-12 20:45:00+02:00,7.840212121212121,2.9466666666666663,28.006,22
2026-10-12 21:00:00+02:00,9.129787878787878,3.1326666666666663,29.119999999999997,22
2026-10-12 21:15:00+02:00,9.263214285714286,3.0905333333333336,29.119999999999997,22
2026-10-12 21:30:00+02:00,9.053670995670997,3.249066666666667,29.119999999999997,22
2026-10-12 21:45:00+02:00,7.905969696969697,3.482,29.119999999999997,22
2026-10-12 22:00:00+02:00,7.6570909090909085,3.0279999999999996,29.119999999999997,22
2026-10-12 22:15:00+02:00,6.472974025974026,3.0340000000000003,22.53,22
2026-10-12 22:30:00+02:00,7.278287878787879,2.9613333333333336,22.53,22
2026-10-12 22:45:00+02:00,7.703696969696969,2.8613333333333335,19.503999999999994,22
2026-10-12 23:00:00+02:00,7.7892012987012995,3.0406666666666675,26.455000000000002,22
2026-10-12 23:15:00+02:00,7.5711818181818185,3.0379999999999994,32.1,22
2026-10-12 23:30:00+02:00,6.864123376623376,2.8988,46.56,22
2026-10-12 23:45:00+02:00,9.719647186147187,3.54,46.56,22
2026-10-13 00:00:00+02:00,9.802997835497836,3.3654666666666664,46.56,22
2026-10-13 00:15:00+02:00,8.32777922077922,3.1773333333333227,46.56,22
2026-10-13 00:30:00+02:00,8.292939393939394,2.8913333333333338,46.56,22
2026-10-13 00:45:00+02:00,6.519056277056276,2.9813333333333336,28.43,22
2026-10-13 01:00:00+02:00,6.803969696969698,3.009999999999998,25.630000000000003,22
2026-10-13 01:15:00+02:00,7.105961038961038,3.192,27.019000000000002,22
2026-10-13 01:30:00+02:00,8.060140692640692,3.2273333333333323,29.130000000000003,22
2026-10-13 01:45:00+02:00,7.947025974025976,2.921133333333346,29.130000000000003,22
2026-10-13 02:00:00+02:00,7.936670995670995,2.962000000000001,29.560000000000002,22
2026-10-13 02:15:00+02:00,9.241757575757577,2.9728000000000008,29.560000000000002,22
2026-10-13 02:30:00+02:00,8.620051948051948,3.233714285714286,29.86,22
2026-10-13 02:45:00+02:00,9.199783549783549,3.1306666666666665,29.86,22
2026-10-13 03:00:00+02:00,8.592991341991342,3.054666666666667,29.86,22
2026-10-13 03:15:00+02:00,7.981290043290044,2.990666666666667,29.86,22
2026-10-13 03:30:00+02:00,6.963316017316018,3.2526666666666664,29.86,22
2026-10-13 03:45:00+02:00,7.884196969696969,3.469533333333335,32.410000000000004,22
2026-10-13 04:00:00+02:00,8.277186147186148,3.331733333333333,35.230000000000004,22
2026-10-13 04:15:00+02:00,10.305361471861472,3.935933333333333,39.209999999999994,22
2026-10-13 04:30:00+02:00,14.494365800865802,7.956666666666666,39.209999999999994,22
2026-10-13 04:45:00+02:00,15.947792207792208,8.694666666666667,39.209999999999994,22
2026-10-13 05:00:00+02:00,17.20181168831169,9.364666666666665,41.766000000000005,22
2026-10-13 05:15:00+02:00,18.796515151515152,12.076266666666667,65.96000000000001,22
2026-10-13 05:30:00+02:00,24.402320346320344,13.434,65.96000000000001,22
2026-10-13 05:45:00+02:00,27.644512987012988,19.772000000000002,65.96000000000001,22
2026-10-13 06:00:00+02:00,30.647103896103896,25.4514,66.62,22
2026-10-13 06:15:00+02:00,32.50030735930736,26.655533333333338,69.62,22
2026-10-13 06:30:00+02:00,34.02149134199134,26.710933333333333,69.62,22
2026-10-13 06:45:00+02:00,34.9053658008658,27.021938095238102,69.62,22
2026-10-13 07:00:00+02:00,36.027545454545454,28.30533333333333,69.62,22
2026-10-13 07:15:00+02:00,35.839666666666666,29.511999999999997,69.62,22
2026-10-13 07:30:00+02:00,36.511746753246754,28.325999999999997,66.94500000000002,22
2026-10-13 07:45:00+02:00,36.90702813852813,29.935333333333332,66.94500000000002,22
2026-10-13 08:00:00+02:00,32.90765367965368,28.86266666666667,69.49,22
2026-10-13 08:15:00+02:00,34.393935064935064,29.815999999999995,69.49,22
2026-10-13 08:30:00+02:00,35.88997835497835,31.762999999999998,69.49,22
2026-10-13 08:45:00+02:00,39.4659025974026,29.349266666666665,69.49,22
2026-10-13 09:00:00+02:00,38.93094155844156,31.487,69.49,22
2026-10-13 09:15:00+02:00,37.374958874458876,31.832666666666668,68.94999999999999,22
2026-10-13 09:30:00+02:00,33.21833766233766,29.4364,68.94999999999999,22
2026-10-13 09:45:00+02:00,32.527359307359305,26.687333333333335,71.95799999999998,22
2026-10-13 10:00:00+02:00,33.10135064935065,28.911999999999995,80.45,22
2026-10-13 10:15:00+02:00,39.1633354978355,31.13885714285714,80.45,22
2026-10-13 10:30:00+02:00,39.28412987012987,31.215999999999998,80.45,22
2026-10-13 10:45:00+02:00,37.610580086580086,31.179142857142853,80.45,22
2026-10-13 11:00:00+02:00,37.44477489177489,32.50699999999999,80.45,22
2026-10-13 11:15:00+02:00,36.590878787878786,29.550000000000008,76.42,22
2026-10-13 11:30:00+02:00,37.46841558441558,32.771266666666655,76.42,22
2026-10-13 11:45:00+02:00,38.13059523809524,32.11879999999999,76.42,22
2026-10-13 12:00:00+02:00,35.82397835497836,28.829599999999985,76.42,22
2026-10-13 12:15:00+02:00,37.200917748917746,27.736,74.0,22
2026-10-13 12:30:00+02:00,36.05848051948052,28.507333333333342,74.0,22
2026-10-13 12:45:00+02:00,34.016006493506495,23.192666666666668,74.0,22
2026-10-13 13:00:00+02:00,33.62578787878788,16.44466666666667,69.627,22
2026-10-13 13:15:00+02:00,31.42029004329004,17.052666666666664,69.627,22
2026-10-13 13:30:00+02:00,27.24438528138528,20.215333333333326,69.627,22
2026-10-13 13:45:00+02:00,21.229575757575756,16.248676190476207,69.627,22
2026-10-13 14:00:00+02:00,15.362177489177487,10.203333333333333,59.92,22
2026-10-13 14:15:00+02:00,13.591253246753247,5.747238095238096,53.5,22
2026-10-13 14:30:00+02:00,14.763510822510822,5.6213333333333395,53.5,22
2026-10-13 14:45:00+02:00,14.84262337662338,5.718666666666671,53.5,22
2026-10-13 15:00:00+02:00,14.653493506493506,5.710000000000001,53.5,22
2026-10-13 15:15:00+02:00,11.415629870129873,4.838000000000008,53.5,22
2026-10-13 15:30:00+02:00,10.203212121212122,4.8613333333333415,43.67,22
2026-10-13 15:45:00+02:00,10.316848484848485,3.906666666666659,35.802,22
2026-10-13 16:00:00+02:00,9.40781818181818,2.829333333333331,30.23,22
2026-10-13 16:15:00+02:00,8.2065670995671,3.173333333333332,30.23,22
2026-10-13 16:30:00+02:00,9.40096536796537,2.6999999999999957,25.34200000000001,22
2026-10-13 16:45:00+02:00,7.934296536796538,3.836666666666666,24.181999999999995,22
2026-10-13 17:00:00+02:00,8.492541125541127,3.636000000000001,23.634000000000007,22
2026-10-13 17:15:00+02:00,7.876162337662337,3.371904761904761,43.37,22
2026-10-13 17:30:00+02:00,8.18032683982684,3.225400000000001,43.37,22
2026-10-13 17:45:00+02:00,10.07782251082251,2.601333333333334,43.37,22
2026-10-13 18:00:00+02:00,9.495878787878787,3.217199999999999,43.37,22
2026-10-13 18:15:00+02:00,9.08024025974026,2.7379999999999995,43.37,22
2026-10-13 18:30:00+02:00,8.37343722943723,2.64,30.04,22
2026-10-13 18:45:00+02:00,8.484376623376624,3.190666666666667,29.07,22
2026-10-13 19:00:00+02:00,8.35778354978355,3.2800000000000007,27.669999999999998,22
2026-10-13 19:15:00+02:00,6.9755670995671,3.329333333333334,28.79,22
2026-10-13 19:30:00+02:00,6.559212121212121,3.4157333333333337,28.79,22
2026-10-13 19:45:00+02:00,8.33495670995671,3.155333333333334,28.79,22
2026-10-13 20:00:00+02:00,8.046666666666667,2.7533333333333334,28.79,22
2026-10-13 20:15:00+02:00,7.414939393939394,2.796666666666666,28.79,22
2026-10-13 20:30:00+02:00,7.017909090909091,2.9220000000000006,28.11,22
2026-10-13 20:45:00+02:00,7.840212121212121,2.9466666666666663,28.006,22
2026-10-13 21:00:00+02:00,9.129787878787878,3.1326666666666663,29.119999999999997,22
2026-10-13 21:15:00+02:00,9.263214285714286,3.0905333333333336,29.119999999999997,22
2026-10-13 21:30:00+02:00,9.053670995670997,3.249066666666667,29.119999999999997,22
2026-10-13 21:45:00+02:00,7.905969696969697,3.482,29.119999999999997,22
2026-10-13 22:00:00+02:00,7.6570909090909085,3.0279999999999996,29.119999999999997,22
2026-10-13 22:15:00+02:00,6.472974025974026,3.0340000000000003,22.53,22
2026-10-13 22:30:00+02:00,7.278287878787879,2.9613333333333336,22.53,22
2026-10-13 22:45:00+02:00,7.703696969696969,2.8613333333333335,19.503999999999994,22
2026-10-13 23:00:00+02:00,7.7892012987012995,3.0406666666666675,26.455000000000002,22
2026-10-13 23:15:00+02:00,7.5711818181818185,3.0379999999999994,32.1,22
2026-10-13 23:30:00+02:00,6.864123376623376,2.8988,46.56,22
2026-10-13 23:45:00+02:00,9.719647186147187,3.54,46.56,22
2026-10-14 00:00:00+02:00,9.802997835497836,3.3654666666666664,46.56,22
2026-10-14 00:15:00+02:00,8.32777922077922,3.1773333333333227,46.56,22
2026-10-14 00:30:00+02:00,8.292939393939394,2.8913333333333338,46.56,22
2026-10-14 00:45:00+02:00,6.519056277056276,2.9813333333333336,28.43,22
2026-10-14 01:00:00+02:00,6.803969696969698,3.009999999999998,25.630000000000003,22
2026-10-14 01:15:00+02:00,7.105961038961038,3.192,27.019000000000002,22
2026-10-14 01:30:00+02:00,8.060140692640692,3.2273333333333323,29.130000000000003,22
2026-10-14 01:45:00+02:00,7.947025974025976,2.921133333333346,29.130000000000003,22
2026-10-14 02:00:00+02:00,7.936670995670995,2.962000000000001,29.560000000000002,22
2026-10-14 02:15:00+02:00,9.241757575757577,2.9728000000000008,29.560000000000002,22
2026-10-14 02:30:00+02:00,8.620051948051948,3.233714285714286,29.86,22
2026-10-14 02:45:00+02:00,9.199783549783549,3.1306666666666665,29.86,22
2026-10-14 03:00:00+02:00,8.592991341991342,3.054666666666667,29.86,22
2026-10-14 03:15:00+02:00,7.981290043290044,2.990666666666667,29.86,22
2026-10-14 03:30:00+02:00,6.963316017316018,3.2526666666666664,29.86,22
2026-10-14 03:45:00+02:00,7.884196969696969,3.469533333333335,32.410000000000004,22
2026-10-14 04:00:00+02:00,8.277186147186148,3.331733333333333,35.230000000000004,22
2026-10-14 04:15:00+02:00,10.305361471861472,3.935933333333333,39.209999999999994,22
2026-10-14 04:30:00+02:00,14.494365800865802,7.956666666666666,39.209999999999994,22
2026-10-14 04:45:00+02:00,15.947792207792208,8.694666666666667,39.209999999999994,22
2026-10-14 05:00:00+02:00,17.20181168831169,9.364666666666665,41.766000000000005,22
2026-10-14 05:15:00+02:00,18.796515151515152,12.076266666666667,65.96000000000001,22
2026-10-14 05:30:00+02:00,24.402320346320344,13.434,65.96000000000001,22
2026-10-14 05:45:00+02:00,27.644512987012988,19.772000000000002,65.96000000000001,22
2026-10-14 06:00:00+02:00,30.647103896103896,25.4514,66.62,22
2026-10-14 06:15:00+02:00,32.50030735930736,26.655533333333338,69.62,22
2026-10-14 06:30:00+02:00,34.02149134199134,26.710933333333333,69.62,22
2026-10-14 06:45:00+02:00,34.9053658008658,27.021938095238102,69.62,22
2026-10-14 07:00:00+02:00,36.027545454545454,28.30533333333333,69.62,22
2026-10-14 07:15:00+02:00,35.839666666666666,29.511999999999997,69.62,22
2026-10-14 07:30:00+02:00,36.511746753246754,28.325999999999997,66.94500000000002,22
2026-10-14 07:45:00+02:00,36.90702813852813,29.935333333333332,66.94500000000002,22
2026-10-14 08:00:00+02:00,32.90765367965368,28.86266666666667,69.49,22
