weekend,slot,mean,count,p10_30d,p90_30d,min_7d,max_7d,lower,upper,old_upper,peak_p90,peak_max_7d,peak_count,peak_upper_30min
False,0,9.778179653679654,22,3.302466666666672,22.064400000000003,2.8193333333333257,22.166,2.8193333333333257,46.56,22.166,29.065,46.56,20,46.56
False,1,8.023233766233766,22,3.1787333333333243,16.41293333333334,3.1773333333333227,16.566000000000003,3.1773333333333227,46.56,16.566000000000003,28.4,28.43,21,46.56
False,2,8.172757575757574,22,3.084733333333323,23.358333333333363,2.8913333333333338,8.042000000000002,2.8913333333333338,46.56,23.358333333333363,20.36,20.36,21,46.56
False,3,6.342722943722942,22,3.1051999999999906,7.860399999999997,2.9813333333333336,4.832000000000001,2.9813333333333336,28.43,7.860399999999997,11.771000000000008,5.6200000000000045,20,28.43
False,4,6.5687575757575765,22,3.3105333333333324,8.960333333333336,3.009999999999998,5.067333333333336,3.009999999999998,25.630000000000003,8.960333333333336,13.099999999999994,5.9399999999999995,21,25.630000000000003
False,5,7.034536796536795,22,3.2394,9.8062,3.192,7.710000000000001,3.192,27.019000000000002,9.8062,18.445000000000014,17.560000000000002,20,27.019000000000002
False,6,7.72932251082251,22,3.3194666666666697,9.963333333333335,3.2273333333333323,5.270666666666666,3.2273333333333323,29.130000000000003,9.963333333333335,25.630000000000003,6.109999999999999,21,29.130000000000003
False,7,7.775298701298703,22,2.921133333333346,25.230533333333366,3.246666666666667,13.529333333333327,2.921133333333346,29.130000000000003,25.230533333333366,27.019000000000002,26.93,20,29.130000000000003
False,8,7.654701298701298,22,3.006533333333333,9.901800000000001,2.962000000000001,26.391999999999985,2.962000000000001,29.560000000000002,26.391999999999985,14.440000000000001,29.130000000000003,21,29.560000000000002
False,9,9.200969696969697,22,2.9728000000000008,21.485133333333337,4.028000000000006,23.741333333333337,2.9728000000000008,29.560000000000002,23.741333333333337,27.417,27.75,20,29.560000000000002
False,10,8.999415584415583,22,3.451,16.010266666666666,3.6460000000000004,16.040666666666667,3.451,29.86,16.040666666666667,27.301000000000002,29.560000000000002,20,29.86
False,11,9.587116883116883,22,3.250733333333334,25.904133333333355,3.1306666666666665,27.275333333333332,3.1306666666666665,29.86,27.275333333333332,27.357999999999997,17.479999999999997,19,29.86
False,12,8.365627705627706,22,3.4834666666666667,25.4506666666667,3.137142857142857,11.560666666666666,3.137142857142857,29.86,25.4506666666667,28.938,29.86,20,29.86
False,13,7.864168831168831,22,3.4742666666666655,10.129,3.4159999999999995,7.493333333333334,3.4159999999999995,29.86,10.129,26.081000000000003,17.56,20,29.86
False,14,6.7672554112554115,22,3.275295238095238,8.08526666666667,3.5893333333333333,5.019333333333334,3.275295238095238,29.86,8.08526666666667,13.054000000000025,5.42,20,29.86
False,15,7.658924242424242,22,3.4529333333333336,11.354266666666671,3.314666666666667,6.617333333333334,3.314666666666667,32.410000000000004,11.354266666666671,15.124000000000004,17.5,20,32.410000000000004
False,16,8.140761904761906,22,3.316933333333333,15.078133333333332,3.3613333333333335,15.119999999999997,3.316933333333333,35.230000000000004,15.119999999999997,28.338,26.87,20,35.230000000000004
False,17,10.118422077922078,22,3.935933333333333,27.160733333333376,5.018666666666666,30.899285714285714,3.935933333333333,39.209999999999994,30.899285714285714,29.01,32.410000000000004,21,39.209999999999994
False,18,14.503487012987016,22,7.976733333333333,30.483604761904793,8.199333333333334,33.632,7.976733333333333,39.209999999999994,33.632,33.9,35.230000000000004,21,39.209999999999994
False,19,15.591095238095239,22,8.695133333333333,34.60245714285714,8.694666666666667,36.02466666666667,8.694666666666667,39.209999999999994,36.02466666666667,36.300000000000004,39.209999999999994,20,39.209999999999994
False,20,17.042660173160172,22,9.414333333333332,28.187985714285716,9.364666666666665,28.407999999999998,9.364666666666665,54.28,28.407999999999998,37.564,36.459999999999994,20,54.28
False,21,18.278506493506494,22,12.076266666666667,34.379666666666694,12.52866666666667,18.942666666666664,12.076266666666667,70.22,34.379666666666694,37.798,24.450000000000003,19,70.22
False,22,24.85407792207792,22,14.9326,36.622800000000005,13.434,36.804,13.434,70.22,36.804,44.60500000000002,54.28,20,70.22
False,23,28.696512987012987,22,21.486599999999996,45.40113333333334,22.789333333333335,51.626000000000005,21.486599999999996,70.22,51.626000000000005,55.63199999999999,70.22,19,70.22
False,24,30.25943722943723,22,25.132266666666673,31.414733333333334,23.148666666666667,30.437333333333328,23.148666666666667,70.22,31.414733333333334,56.437000000000005,60.370000000000005,20,70.22
False,25,32.54139826839827,22,26.655533333333338,43.73433333333335,28.640666666666668,44.32533333333334,26.655533333333338,70.22,44.32533333333334,56.904,57.230000000000004,18,70.22
False,26,33.78651082251082,22,26.710933333333333,42.358466666666665,26.761333333333337,42.58466666666666,26.710933333333333,69.62,42.58466666666666,54.602000000000004,49.69,18,69.62
False,27,34.892699134199134,22,27.007538095238104,45.6732,28.474666666666664,56.22599999999999,27.007538095238104,69.62,56.22599999999999,55.56200000000002,69.62,20,69.62
False,28,36.17745887445887,22,29.53273333333333,44.731,28.30533333333333,44.11600000000001,28.30533333333333,69.62,44.731,64.46,56.61,21,69.62
False,29,35.633575757575755,22,29.591666666666665,44.10260000000002,29.511999999999997,31.415333333333336,29.511999999999997,69.62,44.10260000000002,66.73,44.04,21,69.62
False,30,36.79065584415585,22,30.597399999999997,49.71653333333336,28.325999999999997,35.023333333333326,28.325999999999997,66.94500000000002,49.71653333333336,65.10799999999999,55.41,19,66.94500000000002
False,31,36.81575541125541,22,30.037409523809526,43.29813333333333,29.980380952380955,33.37133333333333,29.980380952380955,66.94500000000002,43.29813333333333,66.94500000000002,49.32,20,66.94500000000002
False,32,32.866774891774895,22,28.88906666666667,37.329066666666684,28.86266666666667,32.36866666666667,28.86266666666667,69.49,37.329066666666684,58.527,56.45,20,69.49
False,33,35.308238095238096,22,30.7372,39.27286666666667,29.815999999999995,53.554,29.815999999999995,81.79,53.554,57.940000000000005,61.9,20,81.79
False,34,36.83173593073593,22,31.779,45.174066666666675,32.321333333333335,45.70000000000001,31.779,81.79,45.70000000000001,61.620000000000005,69.49,21,81.79
False,35,40.95905411255411,22,32.00406666666667,54.275733333333356,33.22066666666666,62.900666666666666,32.00406666666667,81.79,62.900666666666666,71.32,81.79,21,81.79
False,36,38.89330519480519,22,31.450599999999998,50.63333333333334,31.792,46.52933333333333,31.450599999999998,81.79,50.63333333333334,62.50199999999999,65.15,19,81.79
False,37,37.13345454545455,22,31.88706666666667,42.82993333333334,31.832666666666668,50.30599999999999,31.832666666666668,81.79,50.30599999999999,59.63300000000001,57.14,22,81.79
False,38,33.14842857142857,22,29.426333333333332,36.52473333333334,29.873333333333335,34.03333333333333,29.426333333333332,65.15,36.52473333333334,51.71999999999999,46.91,21,65.15
False,39,32.311268398268396,22,27.332666666666665,36.163933333333325,27.306666666666665,34.01404761904762,27.306666666666665,71.95799999999998,36.163933333333325,54.348,41.09,19,71.95799999999998
False,40,33.133017316017316,22,29.020199999999996,35.11013333333333,31.064666666666675,34.23866666666666,29.020199999999996,74.147,35.11013333333333,50.81,48.34,21,74.147
False,41,39.12188095238095,22,31.175171428571428,49.12592380952382,31.13885714285714,35.33333333333333,31.13885714285714,74.147,49.12592380952382,71.95799999999998,49.84,19,74.147
False,42,39.26620346320346,22,32.77365714285714,47.05033333333334,31.215999999999998,37.28533333333333,31.215999999999998,74.147,47.05033333333334,74.147,48.480000000000004,18,74.147
False,43,37.489580086580084,22,31.482266666666664,41.24613333333334,31.179142857142853,37.593999999999994,31.179142857142853,74.147,41.24613333333334,73.414,56.18,20,74.147
False,44,37.442151515151515,22,32.50699999999999,42.068066666666674,34.773999999999994,37.38399999999999,32.50699999999999,74.147,42.068066666666674,61.135999999999996,53.379999999999995,19,74.147
False,45,37.19540909090909,22,31.12993333333333,41.148599999999995,29.550000000000008,51.71099999999999,29.550000000000008,73.414,51.71099999999999,63.33,64.72,21,73.414
False,46,37.54726406926407,22,32.771266666666655,42.93686666666666,33.937333333333335,42.554666666666655,32.771266666666655,64.72,42.93686666666666,64.69,64.69,21,64.72
False,47,38.10329220779221,22,32.11879999999999,46.89086666666667,33.83933333333334,51.474666666666664,32.11879999999999,74.0,51.474666666666664,64.59,61.84,21,74.0
False,48,36.21219047619048,22,28.829599999999985,46.31580000000001,30.742666666666658,50.90533333333333,28.829599999999985,74.0,50.90533333333333,57.18000000000001,59.35,21,74.0
False,49,37.155281385281384,22,28.555733333333333,44.92286666666667,27.736,55.794000000000004,27.736,74.0,55.794000000000004,71.104,74.0,19,74.0
False,50,36.360541125541125,22,28.67433333333334,45.49626666666667,28.507333333333342,41.20133333333333,28.507333333333342,74.0,45.49626666666667,61.819,64.96,20,74.0
False,51,34.36870346320347,22,24.497400000000006,41.8502,23.192666666666668,41.966,23.192666666666668,74.0,41.966,60.07,57.59,21,74.0
False,52,34.012818181818176,22,21.324600000000004,45.6288,16.44466666666667,44.68199999999999,16.44466666666667,69.627,45.6288,62.158000000000015,66.15,22,69.627
False,53,31.60750216450216,22,20.27245714285715,35.95546666666668,17.052666666666664,35.83666666666667,17.052666666666664,69.627,35.95546666666668,69.627,46.51,20,69.627
False,54,27.278961038961032,22,20.472800000000003,39.60586666666668,20.215333333333326,31.11466666666666,20.215333333333326,69.627,39.60586666666668,59.92,46.19,19,69.627
False,55,21.553599567099567,22,16.248676190476207,27.024933333333326,16.989333333333335,29.349333333333334,16.248676190476207,69.627,29.349333333333334,39.12500000000001,56.120000000000005,20,69.627
False,56,15.634222943722943,22,10.42001904761903,23.109333333333336,11.55866666666666,23.311666666666675,10.42001904761903,59.92,23.311666666666675,30.937999999999985,22.169999999999998,19,59.92
False,57,14.180586580086581,22,8.108866666666671,21.25653333333333,8.794666666666664,31.700000000000006,8.108866666666671,56.519999999999996,31.700000000000006,30.422,56.519999999999996,18,56.519999999999996
False,58,15.46348051948052,22,9.684733333333345,28.214866666666687,9.679333333333346,29.12866666666666,9.679333333333346,56.519999999999996,29.12866666666666,35.17,49.25,21,56.519999999999996
False,59,15.020896103896105,22,6.833199999999998,28.995200000000025,8.782000000000004,33.683333333333344,6.833199999999998,56.519999999999996,33.683333333333344,51.852,53.5,19,56.519999999999996
False,60,14.820584415584419,22,8.14573333333334,29.512999999999998,8.30533333333333,31.074,8.14573333333334,53.5,31.074,39.790000000000006,43.67,21,53.5
False,61,11.708538961038961,22,4.934066666666674,18.36553333333333,6.488666666666678,18.877857142857145,4.934066666666674,53.5,18.877857142857145,37.129999999999995,44.77,19,53.5
False,62,10.443545454545456,22,4.890800000000008,15.799466666666662,5.707333333333338,15.84066666666666,4.890800000000008,44.77,15.84066666666666,28.945000000000004,26.020000000000003,22,44.77
False,63,10.736272727272727,22,4.585133333333315,18.09306666666667,3.906666666666659,17.820666666666657,3.906666666666659,44.77,18.09306666666667,29.90500000000001,37.97,22,44.77
False,64,9.490757575757575,22,4.652066666666663,15.867800000000003,5.528666666666666,13.104,4.652066666666663,37.97,15.867800000000003,28.03900000000001,33.52,20,37.97
False,65,8.462294372294373,22,4.051799999999998,14.116600000000002,3.8613333333333344,14.166666666666668,3.8613333333333344,37.97,14.166666666666668,24.181999999999995,20.89,19,37.97
False,66,9.61608658008658,22,3.5070333333333332,13.437933333333335,2.6999999999999957,12.819333333333336,2.6999999999999957,33.52,13.437933333333335,20.614000000000008,20.1,20,33.52
False,67,8.048357142857144,22,3.836666666666666,14.387933333333333,3.860666666666665,13.625333333333332,3.836666666666666,34.699999999999996,14.387933333333333,17.04,18.97,21,34.699999999999996
False,68,8.752783549783551,22,3.6516619047619057,13.169666666666668,3.636000000000001,13.223333333333333,3.636000000000001,36.74,13.223333333333333,23.634000000000007,23.12,20,36.74
False,69,8.456859307359307,22,3.371904761904761,14.798133333333336,3.4970476190476187,20.72866666666667,3.371904761904761,43.37,20.72866666666667,19.88200000000001,34.699999999999996,20,43.37
False,70,9.261054112554113,22,3.225400000000001,14.67133333333334,3.243999999999999,33.924,3.225400000000001,43.37,33.924,26.052000000000007,36.74,20,43.37
False,71,10.38703463203463,22,3.3231999999999986,25.250742857142868,2.601333333333334,31.983333333333334,2.601333333333334,43.37,31.983333333333334,28.619999999999997,43.37,21,43.37
False,72,9.477796536796538,22,3.217199999999999,14.915152380952383,9.65066666666667,26.147333333333336,3.217199999999999,43.37,26.147333333333336,27.400000000000002,30.04,21,43.37
False,73,9.32424025974026,22,2.9126666666666665,21.524523809523817,4.871904761904762,25.904000000000007,2.9126666666666665,43.37,25.904000000000007,28.846,29.07,18,43.37
False,74,8.394709956709958,22,2.8328666666666664,12.606066666666669,2.64,7.884666666666666,2.64,30.04,12.606066666666669,20.973999999999993,27.669999999999998,19,30.04
False,75,8.19139393939394,22,3.196666666666667,14.2666,3.250666666666667,5.305714285714286,3.196666666666667,29.07,14.2666,18.12599999999999,5.1,19,29.07
False,76,8.195904761904762,22,3.2506000000000004,13.539666666666673,3.2473333333333336,5.033333333333333,3.2473333333333336,27.669999999999998,13.539666666666673,19.283999999999992,5.7,19,27.669999999999998
False,77,6.7189004329004325,22,3.339266666666667,9.6302,3.3113333333333337,7.4786666666666655,3.3113333333333337,27.099999999999998,9.6302,16.46,17.06,21,27.099999999999998
False,78,6.3427575757575765,22,3.2364,9.904466666666673,3.216666666666667,5.590666666666669,3.216666666666667,27.582,9.904466666666673,13.656000000000004,5.83,22,27.582
False,79,8.193290043290045,22,3.1842666666666672,23.419266666666697,3.155333333333334,5.4946666666666655,3.155333333333334,27.582,23.419266666666697,27.099999999999998,5.7700000000000005,21,27.582
False,80,7.75269696969697,22,3.098904761904762,11.946600000000005,2.7533333333333334,8.815999999999997,2.7533333333333334,27.582,11.946600000000005,27.582,17.66,19,27.582
False,81,7.504393939393939,22,3.1236000000000006,10.357133333333334,2.796666666666666,9.597333333333333,2.796666666666666,27.713,10.357133333333334,15.45,15.45,21,27.713
False,82,7.365515151515152,22,3.1079999999999997,12.700066666666673,3.0106666666666664,15.119333333333334,3.0106666666666664,27.713,15.119333333333334,27.325000000000003,27.2,20,27.713
False,83,8.131060606060606,22,3.093533333333334,17.04033333333334,2.9466666666666663,17.27466666666667,2.9466666666666663,28.022,17.27466666666667,27.713,27.66,20,28.022
False,84,8.946272727272728,22,3.1405999999999996,18.02340000000001,3.1326666666666663,16.398000000000003,3.1326666666666663,29.119999999999997,18.02340000000001,25.01200000000002,17.2,22,29.119999999999997
False,85,8.968359307359307,22,3.0905333333333336,22.75653333333335,3.377857142857143,23.568666666666665,3.0905333333333336,29.119999999999997,23.568666666666665,28.022,27.99,19,29.119999999999997
False,86,8.852731601731602,22,3.2382666666666675,15.117600000000001,3.2706666666666666,15.178666666666667,3.2382666666666675,29.119999999999997,15.178666666666667,27.200000000000003,29.119999999999997,21,29.119999999999997
False,87,7.748969696969696,22,3.3319999999999994,13.721376190476196,3.315333333333333,12.467333333333332,3.315333333333333,29.119999999999997,13.721376190476196,19.891000000000005,16.509999999999998,18,29.119999999999997
False,88,7.438623376623377,22,3.1470666666666665,11.811600000000006,3.0279999999999996,8.655999999999999,3.0279999999999996,29.119999999999997,11.811600000000006,23.04900000000001,22.53,20,29.119999999999997
False,89,6.346313852813853,22,3.0681333333333325,9.071333333333335,3.043999999999999,5.684000000000001,3.043999999999999,23.04900000000001,9.071333333333335,12.728000000000002,6.0,18,23.04900000000001
False,90,7.011833333333334,22,3.3703333333333334,8.671999999999999,2.9613333333333336,6.398666666666667,2.9613333333333336,23.04900000000001,8.671999999999999,19.503999999999994,17.9,19,23.04900000000001
False,91,7.446393939393939,22,2.9024666666666668,13.573666666666677,1.6900000000000004,3.475333333333333,1.6900000000000004,19.503999999999994,13.573666666666677,18.17,18.17,21,19.503999999999994
False,92,7.5814740259740265,22,3.13266666666667,13.987266666666677,3.0406666666666675,4.524666666666661,3.0406666666666675,26.743000000000002,13.987266666666677,16.412000000000017,5.600000000000001,20,26.743000000000002
False,93,7.343454545454546,22,3.0537333333333327,9.083933333333336,3.0379999999999994,6.631333333333345,3.0379999999999994,32.1,9.083933333333336,18.619999999999997,18.619999999999997,21,32.1
False,94,7.727123376623377,22,2.8988,13.2384,3.415333333333333,23.989333333333338,2.8988,46.56,23.989333333333338,26.743000000000002,26.429999999999996,20,46.56
False,95,9.72919264069264,22,3.5732666666666666,22.37946666666668,8.690666666666665,26.128000000000007,3.5732666666666666,46.56,26.128000000000007,28.049999999999997,32.1,21,46.56
True,0,11.258166666666668,8,3.3164666666666665,24.005933333333335,3.3286666666666664,26.476000000000003,3.3164666666666665,28.003999999999998,26.476000000000003,27.495,27.330000000000002,8,28.003999999999998
True,1,10.239583333333334,8,3.3792666666666666,25.845666666666663,3.4586666666666663,7.090666666666668,3.3792666666666666,28.275,25.845666666666663,28.003999999999998,27.83,8,28.275
True,2,10.435238095238095,8,2.896771428571429,26.710866666666664,2.800571428571429,3.7086666666666672,2.800571428571429,28.275,26.710866666666664,27.438,5.15,7,28.275
True,3,9.517642857142857,8,3.0306666666666673,26.676866666666662,3.054666666666667,3.4033333333333324,3.0306666666666673,28.275,26.676866666666662,28.275,4.779999999999999,6,28.275
True,4,6.276601190476191,8,2.964376190476191,10.238599999999998,2.9154761904761903,2.985333333333334,2.9154761904761903,28.275,10.238599999999998,20.842000000000002,3.99,7,28.275
True,5,4.349178571428571,8,3.1774666666666667,6.173961904761903,3.0860000000000003,3.216666666666667,3.0860000000000003,28.275,6.173961904761903,7.966000000000002,4.83,7,28.275
True,6,10.415154761904763,8,3.2078,22.702504761904763,3.0860000000000007,3.2600000000000002,3.0860000000000007,31.75,22.702504761904763,18.448000000000004,4.6899999999999995,7,31.75
True,7,10.446214285714285,8,3.7390000000000003,26.394599999999997,3.5080000000000005,7.3290476190476195,3.5080000000000005,31.75,26.394599999999997,27.034,3.9499999999999997,7,31.75
True,8,14.348880952380954,8,4.2942,27.40286666666667,8.909333333333333,27.436000000000007,4.2942,31.75,27.436000000000007,29.855,31.75,6,31.75
True,9,13.499250000000002,8,3.0491333333333346,27.240866666666673,3.145333333333335,26.370666666666665,3.0491333333333346,31.75,27.240866666666673,28.352000000000004,28.340000000000003,8,31.75
True,10,7.609333333333334,8,3.4960666666666667,10.995066666666665,3.7586666666666666,8.425333333333334,3.4960666666666667,31.75,10.995066666666665,28.480999999999998,28.43,8,31.75
True,11,4.8144880952380955,8,2.9357333333333337,7.244066666666667,3.019333333333334,3.690666666666666,2.9357333333333337,28.480999999999998,7.244066666666667,10.915,5.06,6,28.480999999999998
True,12,11.916529761904762,8,2.9727333333333332,23.826133333333335,3.0733333333333333,23.083333333333336,2.9727333333333332,28.480999999999998,23.826133333333335,27.575000000000003,28.32,6,28.480999999999998
True,13,10.2915,8,3.1370000000000005,26.059533333333338,3.2620000000000005,7.505333333333333,3.1370000000000005,29.172,26.059533333333338,27.955,28.48,8,29.172
True,14,9.768488095238094,8,3.1138000000000003,27.0,2.9593333333333325,3.1800000000000006,2.9593333333333325,29.172,27.0,28.076,4.23,7,29.172
True,15,9.614220238095239,8,2.8786000000000005,23.7708,2.8100000000000005,2.9080000000000004,2.8100000000000005,29.172,23.7708,29.172,3.36,7,29.172
True,16,4.599916666666667,8,3.1162,6.859733333333334,2.9300000000000006,3.6246666666666667,2.9300000000000006,29.172,6.859733333333334,12.519,4.699999999999999,8,29.172
True,17,7.516416666666667,8,3.150133333333334,10.9018,3.049333333333334,9.114,3.049333333333334,29.172,10.9018,25.254,24.78,8,29.172
True,18,13.160732142857142,8,4.289066666666667,25.942533333333333,3.45,26.24866666666666,3.45,28.52,26.24866666666666,27.25,28.08,6,28.52
True,19,10.389833333333334,8,3.3753333333333333,25.224933333333333,3.7666666666666666,8.355333333333334,3.3753333333333333,28.52,25.224933333333333,27.812,27.650000000000002,8,28.52
True,20,12.586666666666666,8,2.7910666666666666,26.815133333333335,2.897333333333332,23.60733333333333,2.7910666666666666,28.52,26.815133333333335,28.124,28.52,7,28.52
True,21,9.572666666666667,8,3.0469333333333335,18.41213333333333,3.143333333333334,17.07933333333333,3.0469333333333335,28.52,18.41213333333333,27.796,4.220000000000001,7,28.52
True,22,4.281583333333334,8,3.094866666666667,5.5546,3.218666666666667,4.523999999999999,3.094866666666667,28.52,5.5546,10.458000000000002,6.15,8,28.52
True,23,8.739416666666667,8,3.120066666666666,16.002266666666667,3.2186666666666657,8.379333333333333,3.120066666666666,27.85,16.002266666666667,25.504999999999995,15.68,8,27.85
True,24,11.843583333333335,8,3.8326666666666673,25.650266666666667,3.0860000000000003,8.742666666666667,3.0860000000000003,33.3,25.650266666666667,26.497999999999998,9.969999999999999,8,33.3
True,25,12.212416666666666,8,4.266333333333333,26.921400000000002,3.1206666666666667,8.902666666666665,3.1206666666666667,38.79,26.921400000000002,27.85,11.49,7,38.79
True,26,13.257333333333335,8,2.9953333333333334,27.606133333333332,2.8600000000000003,21.710666666666672,2.8600000000000003,38.79,27.606133333333332,30.863999999999997,33.3,8,38.79
True,27,10.7265,8,3.711133333333333,19.40933333333333,6.970000000000001,31.860000000000003,3.711133333333333,38.79,31.860000000000003,31.874,38.79,8,38.79
True,28,8.424166666666668,8,3.180266666666667,14.534666666666663,8.695333333333336,26.574666666666666,3.180266666666667,38.79,26.574666666666666,19.031,29.37,8,38.79
True,29,11.450464285714286,8,3.9303333333333335,20.869933333333332,10.424000000000001,12.752,3.9303333333333335,38.79,20.869933333333332,26.822000000000003,28.580000000000002,7,38.79
True,30,11.095583333333334,8,2.7155333333333336,25.0012,2.758,8.163333333333334,2.7155333333333336,29.37,25.0012,25.73,12.59,8,29.37
True,31,12.244982142857143,8,2.8618333333333332,26.2582,2.574000000000001,8.987333333333334,2.574000000000001,28.580000000000002,26.2582,28.169999999999998,14.559999999999999,7,28.580000000000002
True,32,12.010642857142857,8,3.4664666666666673,25.908399999999997,2.3880000000000017,8.223142857142857,2.3880000000000017,28.406000000000002,25.908399999999997,28.406000000000002,2.9899999999999998,7,28.406000000000002
True,33,6.38477380952381,8,2.334466666666665,9.676599999999999,2.254666666666667,8.138,2.254666666666667,28.406000000000002,9.676599999999999,16.471999999999998,9.93,7,28.406000000000002
True,34,7.398000000000001,8,2.3611999999999953,11.222066666666668,2.3033333333333363,9.52266666666667,2.3033333333333363,28.555,11.222066666666668,19.316000000000003,16.3,7,28.555
True,35,11.857166666666664,8,2.3317999999999945,24.965400000000002,2.3033333333333292,19.204666666666665,2.3033333333333292,28.555,24.965400000000002,25.924,25.53,8,28.555
True,36,13.445267857142857,8,3.4724666666666706,26.350066666666663,6.446666666666667,20.296666666666667,3.4724666666666706,30.916999999999998,26.350066666666663,28.555,25.1,6,30.916999999999998
True,37,14.385380952380949,8,5.021933333333324,27.276266666666668,13.570666666666666,17.92838095238095,5.021933333333324,30.916999999999998,27.276266666666668,28.51,14.3,7,30.916999999999998
True,38,11.818833333333334,8,6.234399999999998,18.67653333333334,7.5653333333333315,14.178666666666679,6.234399999999998,30.916999999999998,18.67653333333334,30.916999999999998,15.45,8,30.916999999999998
True,39,6.889988095238093,8,3.2382857142857127,11.182000000000002,5.868666666666659,8.496000000000002,3.2382857142857127,30.916999999999998,11.182000000000002,19.714999999999996,14.670000000000002,6,30.916999999999998
True,40,8.738660714285714,8,1.8990000000000031,16.098614285714277,2.4225714285714375,8.568666666666672,1.8990000000000031,30.916999999999998,16.098614285714277,26.214999999999996,12.849999999999994,6,30.916999999999998
True,41,11.767083333333336,8,2.5943333333333385,25.8828,2.494000000000007,8.426666666666662,2.494000000000007,31.0,25.8828,26.946999999999996,16.540000000000003,8,31.0
True,42,11.237732142857137,8,2.662933333333327,27.277933333333326,2.5873333333333193,9.606666666666662,2.5873333333333193,31.0,27.277933333333326,29.214000000000002,11.550000000000004,7,31.0
True,43,9.763666666666664,8,4.697066666666661,16.97686666666666,1.9679999999999964,10.24666666666667,1.9679999999999964,31.0,16.97686666666666,31.0,16.050000000000004,8,31.0
True,44,7.196749999999996,8,3.614799999999989,12.283733333333329,2.613333333333337,10.425333333333327,2.613333333333337,48.650000000000006,12.283733333333329,21.363,16.090000000000003,8,48.650000000000006
True,45,9.661630952380955,8,3.9665333333333415,16.82022857142857,2.9006666666666803,8.538000000000004,2.9006666666666803,48.650000000000006,16.82022857142857,19.957,10.11,4,48.650000000000006
True,46,11.529172619047621,8,4.102133333333338,25.97006666666668,6.233333333333334,8.607333333333322,4.102133333333338,48.650000000000006,25.97006666666668,36.63200000000001,48.650000000000006,7,48.650000000000006
True,47,12.946916666666667,8,3.7710666666666683,26.569733333333325,3.8826666666666725,12.232000000000014,3.7710666666666683,48.650000000000006,26.569733333333325,27.682999999999996,23.939999999999998,8,48.650000000000006
True,48,13.078583333333334,8,3.7732666666666725,24.827399999999994,3.8926666666666776,31.648666666666678,3.7732666666666725,52.20399999999999,31.648666666666678,31.251,35.64,8,52.20399999999999
True,49,10.667613095238096,8,3.803600000000009,15.804133333333336,11.357999999999997,14.469333333333338,3.803600000000009,52.20399999999999,15.804133333333336,34.63400000000001,32.81,7,52.20399999999999
True,50,12.53833333333333,8,7.285933333333325,17.704866666666668,8.209333333333326,23.599333333333348,7.285933333333325,52.20399999999999,23.599333333333348,52.20399999999999,29.310000000000002,8,52.20399999999999
True,51,11.465083333333336,8,4.230599999999994,25.733333333333338,3.0559999999999903,9.02933333333334,3.0559999999999903,52.20399999999999,25.733333333333338,28.604000000000006,15.209999999999994,8,52.20399999999999
True,52,11.88578571428571,8,3.3119523809523708,27.49,3.0069523809523773,9.014666666666663,3.0069523809523773,52.20399999999999,27.49,29.554000000000002,14.030000000000001,7,52.20399999999999
True,53,10.234839285714283,8,3.2207333333333255,17.397833333333345,3.1820000000000093,8.99266666666665,3.1820000000000093,34.50899999999999,17.397833333333345,22.735000000000007,13.710000000000008,6,34.50899999999999
True,54,7.270976190476192,8,4.388600000000011,9.599266666666663,3.4660000000000224,8.843809523809526,3.4660000000000224,34.50899999999999,9.599266666666663,26.58600000000001,4.369999999999997,7,34.50899999999999
True,55,8.459666666666667,8,4.53986666666666,12.95786666666666,4.0433333333333366,6.169333333333334,4.0433333333333366,34.50899999999999,12.95786666666666,34.50899999999999,13.520000000000003,8,34.50899999999999
True,56,10.516083333333334,8,4.008733333333327,26.754266666666673,3.955999999999989,4.031333333333329,3.955999999999989,34.50899999999999,26.754266666666673,28.345,5.57,8,34.50899999999999
True,57,11.175166666666668,8,3.741399999999996,27.381133333333345,3.445999999999998,3.867999999999995,3.445999999999998,34.50899999999999,27.381133333333345,28.535999999999998,5.109999999999999,8,34.50899999999999
True,58,9.009249999999993,8,3.095933333333325,17.47946666666666,3.1513333333333264,3.3419999999999916,3.095933333333325,32.46699999999999,17.47946666666666,28.720999999999997,5.229999999999997,8,32.46699999999999
True,59,6.0216488095238105,8,3.4117000000000024,8.513133333333343,3.0589999999999975,4.231999999999999,3.0589999999999975,38.717999999999996,8.513133333333343,29.478,,5,38.717999999999996
True,60,8.621166666666669,8,4.8890666666666664,12.791200000000003,3.377999999999993,14.936,3.377999999999993,38.717999999999996,14.936,32.46699999999999,15.689999999999998,8,38.717999999999996
True,61,12.717083333333331,8,4.0555999999999885,26.744600000000005,10.730666666666671,15.750666666666664,4.0555999999999885,38.717999999999996,26.744600000000005,38.717999999999996,17.279999999999998,8,38.717999999999996
True,62,12.330964285714288,8,4.071600000000001,27.283666666666672,5.363333333333344,14.327333333333335,4.071600000000001,38.717999999999996,27.283666666666672,28.744,15.400000000000002,7,38.717999999999996
True,63,10.617083333333333,8,3.994466666666665,24.224266666666665,4.096666666666664,9.928000000000008,3.994466666666665,38.717999999999996,24.224266666666665,29.752,16.81,8,38.717999999999996
True,64,5.143916666666662,8,3.0805999999999942,7.617666666666659,3.205999999999996,3.89266666666666,3.0805999999999942,29.752,7.617666666666659,13.287999999999998,4.839999999999996,8,29.752
True,65,6.939839285714287,8,3.503966666666666,10.510866666666667,3.3019999999999996,4.179333333333343,3.3019999999999996,29.752,10.510866666666667,22.520000000000003,5.579999999999998,6,29.752
True,66,11.486833333333337,8,3.7276000000000105,25.564,3.6053333333333413,3.780000000000012,3.6053333333333413,29.054000000000002,25.564,27.634,4.720000000000002,8,29.054000000000002
True,67,10.014916666666668,8,3.2197333333333362,26.848200000000002,3.192666666666671,3.2313333333333354,3.192666666666671,29.054000000000002,26.848200000000002,27.81,5.51,8,29.054000000000002
True,68,9.760357142857142,8,3.2115333333333353,23.635,3.067333333333332,3.3199999999999967,3.067333333333332,29.054000000000002,23.635,29.054000000000002,4.449999999999999,7,29.054000000000002
True,69,5.527500000000001,8,2.9284666666666674,9.617133333333332,3.2473333333333327,3.6766666666666685,2.9284666666666674,29.054000000000002,9.617133333333332,12.658000000000003,4.73,7,29.054000000000002
True,70,6.275613095238095,8,2.9540476190476186,10.9134,2.9953333333333334,3.542761904761904,2.9540476190476186,29.054000000000002,10.9134,15.322,4.199999999999999,5,29.054000000000002
True,71,11.536,8,4.0527333333333315,22.76813333333333,2.95,22.03333333333333,2.95,28.59,22.76813333333333,26.835,26.76,8,28.59
True,72,10.055250000000001,8,3.867800000000001,17.760399999999997,6.957333333333333,12.892000000000001,3.867800000000001,28.59,17.760399999999997,28.513,28.59,8,28.59
True,73,9.372666666666667,8,2.638,17.849866666666667,2.5586666666666664,13.805333333333333,2.5586666666666664,28.59,17.849866666666667,19.462999999999997,14.469999999999999,8,28.59
True,74,7.511148809523809,8,2.861066666666667,14.12971904761905,2.353333333333334,14.831619047619048,2.353333333333334,30.018000000000004,14.831619047619048,13.729999999999999,3.64,6,30.018000000000004
True,75,6.062833333333334,8,2.8495333333333335,9.346733333333333,2.9173333333333336,6.412666666666666,2.8495333333333335,30.018000000000004,9.346733333333333,15.828,16.29,8,30.018000000000004
True,76,9.834988095238096,8,3.120304761904762,24.833866666666665,3.1393333333333335,3.425333333333333,3.120304761904762,30.018000000000004,24.833866666666665,30.018000000000004,5.0,7,30.018000000000004
True,77,11.004999999999999,8,3.0524,27.338866666666664,3.006666666666667,3.0719999999999996,3.006666666666667,30.018000000000004,27.338866666666664,28.639,4.55,8,30.018000000000004
True,78,10.008553571428571,8,3.347666666666667,23.9007,3.261333333333334,3.384666666666667,3.261333333333334,30.018000000000004,23.9007,21.325,5.67,6,30.018000000000004
True,79,4.523327380952381,8,2.9517666666666664,7.3927999999999985,2.8953333333333338,3.4926666666666666,2.8953333333333338,28.639,7.3927999999999985,12.538000000000002,3.95,7,28.639
True,80,5.933744047619047,8,3.1131333333333333,10.9565,2.9166666666666665,3.5573333333333332,2.9166666666666665,28.069000000000003,10.9565,17.384999999999998,4.41,6,28.069000000000003
True,81,9.833773809523809,8,3.283190476190476,25.714333333333332,3.1148571428571428,3.5853333333333333,3.1148571428571428,28.659999999999997,25.714333333333332,27.05,6.04,7,28.659999999999997
True,82,10.333166666666667,8,3.250866666666666,27.25926666666667,3.0319999999999996,3.5060000000000002,3.0319999999999996,28.659999999999997,27.25926666666667,28.069000000000003,4.75,8,28.659999999999997
True,83,12.162511904761905,8,3.9883999999999995,24.351933333333335,3.434,14.792666666666666,3.434,29.28,24.351933333333335,28.659999999999997,26.88,7,29.28
True,84,7.310583333333334,8,3.2827333333333337,12.411399999999997,3.546666666666667,21.285999999999998,3.2827333333333337,31.04,21.285999999999998,19.382999999999996,27.09,8,31.04
True,85,7.580416666666666,8,2.947866666666667,13.264933333333332,3.0326666666666675,22.970666666666666,2.947866666666667,31.04,22.970666666666666,20.438999999999997,29.28,8,31.04
True,86,11.233416666666667,8,3.2266666666666666,25.663800000000005,3.296666666666666,15.495333333333333,3.2266666666666666,31.04,25.663800000000005,30.424,31.04,8,31.04
True,87,10.442565476190476,8,2.8866666666666667,26.8602,2.9346666666666668,3.392190476190476,2.8866666666666667,31.04,26.8602,27.67,3.38,6,31.04
True,88,9.624916666666667,8,3.2035333333333336,27.560333333333332,3.2933333333333334,3.5099999999999993,3.2035333333333336,31.04,27.560333333333332,19.304000000000006,5.96,7,31.04
True,89,7.098833333333333,8,3.2506000000000004,10.92013333333333,2.939333333333334,3.3840000000000003,2.939333333333334,27.67,10.92013333333333,19.866999999999997,3.79,8,27.67
True,90,5.499416666666667,8,3.1350666666666673,8.568600000000002,3.1080000000000005,3.1466666666666674,3.1080000000000005,27.098,8.568600000000002,13.54,4.26,8,27.098
True,91,9.163809523809524,8,3.2544666666666666,22.677866666666667,3.0020000000000007,3.366666666666667,3.0020000000000007,28.843999999999998,22.677866666666667,19.145000000000003,3.7800000000000002,6,28.843999999999998
True,92,9.806,8,2.9112666666666662,26.261666666666667,2.8613333333333335,3.5460000000000003,2.8613333333333335,28.843999999999998,26.261666666666667,27.098,5.05,8,28.843999999999998
True,93,10.080833333333333,8,3.228866666666667,26.843333333333334,3.326,3.685999999999999,3.228866666666667,28.843999999999998,26.843333333333334,28.843999999999998,12.47,7,28.843999999999998
True,94,9.435,8,3.079533333333334,22.131,3.1933333333333342,21.778,3.079533333333334,28.843999999999998,22.131,27.304,26.05,8,28.843999999999998
True,95,7.164416666666666,8,3.4155999999999995,11.281866666666664,3.0413333333333323,16.926666666666666,3.0413333333333323,28.843999999999998,16.926666666666666,19.894000000000005,27.340000000000003,7,28.843999999999998
