time,grid_power,battery_power,solar_power,consumption_kw
2026-10-06 00:00:00+02:00,33.03,-29.3,0.0,3.7300000000000004
2026-10-06 00:01:00+02:00,39.11,-35.3,0.0,3.8100000000000023
2026-10-06 00:02:00+02:00,42.0,-38.0,0.0,4.0
2026-10-06 00:03:00+02:00,43.88,-40.0,0.0,3.8800000000000026
2026-10-06 00:04:00+02:00,45.06,-41.3,0.0,3.760000000000005
2026-10-06 00:05:00+02:00,45.56,-42.3,0.0,3.260000000000005
2026-10-06 00:06:00+02:00,45.93,-42.6,0.0,3.3299999999999983
2026-10-06 00:07:00+02:00,46.52,-42.9,0.0,3.6200000000000045
2026-10-06 00:08:00+02:00,46.55,-42.9,0.0,3.6499999999999986
2026-10-06 00:09:00+02:00,46.89,-43.3,0.0,3.5900000000000034
2026-10-06 00:10:00+02:00,46.79,-43.3,0.0,3.490000000000002
2026-10-06 00:11:00+02:00,47.9,-43.4,0.0,4.5
2026-10-06 00:12:00+02:00,46.28,-43.4,0.0,2.8800000000000026
2026-10-06 00:13:00+02:00,46.47,-43.6,0.0,2.8699999999999974
2026-10-06 00:14:00+02:00,46.87,-44.0,0.0,2.8699999999999974
2026-10-06 00:15:00+02:00,46.87,-43.7,0.0,3.1699999999999946
2026-10-06 00:16:00+02:00,47.16,-44.0,0.0,3.1599999999999966
2026-10-06 00:17:00+02:00,47.22,-44.0,0.0,3.219999999999999
2026-10-06 00:18:00+02:00,46.78,-44.0,0.0,2.780000000000001
2026-10-06 00:19:00+02:00,46.84,-44.0,0.0,2.8400000000000034
2026-10-06 00:20:00+02:00,46.99,-44.1,0.0,2.8900000000000006
2026-10-06 00:21:00+02:00,46.99,-44.1,0.0,2.8900000000000006
2026-10-06 00:22:00+02:00,47.79,-44.1,0.0,3.6899999999999977
2026-10-06 00:23:00+02:00,47.79,-44.1,0.0,3.6899999999999977
2026-10-06 00:24:00+02:00,48.37,-44.2,0.0,4.169999999999995
2026-10-06 00:25:00+02:00,47.04,-44.1,0.0,2.9399999999999977
2026-10-06 00:26:00+02:00,46.96,-44.4,0.0,2.5600000000000023
2026-10-06 00:27:00+02:00,46.92,-44.2,0.0,2.719999999999999
2026-10-06 00:28:00+02:00,48.23,-44.2,0.0,4.029999999999994
2026-10-06 00:29:00+02:00,47.11,-44.2,0.0,2.9099999999999966
2026-10-06 00:30:00+02:00,47.04,-44.1,0.0,2.9399999999999977
2026-10-06 00:31:00+02:00,47.13,-44.2,0.0,2.9299999999999997
2026-10-06 00:32:00+02:00,48.08,-44.1,0.0,3.979999999999997
2026-10-06 00:33:00+02:00,47.28,-44.2,0.0,3.0799999999999983
2026-10-06 00:34:00+02:00,47.32,-44.2,0.0,3.1199999999999974
2026-10-06 00:35:00+02:00,47.04,-44.3,0.0,2.740000000000002
2026-10-06 00:36:00+02:00,47.07,-44.3,0.0,2.770000000000003
2026-10-06 00:37:00+02:00,47.05,-44.1,0.0,2.9499999999999957
2026-10-06 00:38:00+02:00,47.06,-44.2,0.0,2.8599999999999994
2026-10-06 00:39:00+02:00,47.3,-44.0,0.0,3.299999999999997
2026-10-06 00:40:00+02:00,47.28,-44.2,0.0,3.0799999999999983
2026-10-06 00:41:00+02:00,47.42,-44.0,0.0,3.4200000000000017
2026-10-06 00:42:00+02:00,47.45,-44.2,0.0,3.25
2026-10-06 00:43:00+02:00,47.07,-44.2,0.0,2.8699999999999974
2026-10-06 00:44:00+02:00,47.1,-44.2,0.0,2.8999999999999986
2026-10-06 00:45:00+02:00,47.11,-44.1,0.0,3.009999999999998
2026-10-06 00:46:00+02:00,47.29,-44.1,0.0,3.1899999999999977
2026-10-06 00:47:00+02:00,47.34,-44.1,0.0,3.240000000000002
2026-10-06 00:48:00+02:00,47.1,-44.2,0.0,2.8999999999999986
2026-10-06 00:49:00+02:00,47.11,-44.3,0.0,2.8100000000000023
2026-10-06 00:50:00+02:00,48.08,-44.1,0.0,3.979999999999997
2026-10-06 00:51:00+02:00,47.21,-44.1,0.0,3.1099999999999994
2026-10-06 00:52:00+02:00,47.14,-44.1,0.0,3.039999999999999
2026-10-06 00:53:00+02:00,46.96,-44.2,0.0,2.759999999999998
2026-10-06 00:54:00+02:00,47.0,-44.2,0.0,2.799999999999997
2026-10-06 00:55:00+02:00,46.93,-44.0,0.0,2.9299999999999997
2026-10-06 00:56:00+02:00,46.97,-44.1,0.0,2.8699999999999974
2026-10-06 00:57:00+02:00,47.77,-44.1,0.0,3.6700000000000017
2026-10-06 00:58:00+02:00,47.28,-44.2,0.0,3.0799999999999983
2026-10-06 00:59:00+02:00,47.17,-44.2,0.0,2.969999999999999
2026-10-06 01:00:00+02:00,47.26,-44.2,0.0,3.059999999999995
2026-10-06 01:01:00+02:00,47.22,-44.2,0.0,3.019999999999996
2026-10-06 01:02:00+02:00,48.7,-44.1,0.0,4.600000000000001
2026-10-06 01:03:00+02:00,46.89,-44.1,0.0,2.789999999999999
2026-10-06 01:04:00+02:00,46.94,-44.2,0.0,2.739999999999995
2026-10-06 01:05:00+02:00,46.93,-44.2,0.0,2.729999999999997
2026-10-06 01:06:00+02:00,47.2,-44.3,0.0,2.9000000000000057
2026-10-06 01:07:00+02:00,47.21,-44.3,0.0,2.9100000000000037
2026-10-06 01:08:00+02:00,47.32,-44.4,,
2026-10-06 01:09:00+02:00,47.52,-44.4,0.0,3.1200000000000045
2026-10-06 01:10:00+02:00,47.16,-44.3,0.0,2.8599999999999994
2026-10-06 01:11:00+02:00,47.14,-44.4,0.0,2.740000000000002
2026-10-06 01:12:00+02:00,47.16,-44.3,0.0,2.8599999999999994
2026-10-06 01:13:00+02:00,47.19,-44.4,0.0,2.789999999999999
2026-10-06 01:14:00+02:00,47.41,-44.3,0.0,3.1099999999999994
2026-10-06 01:15:00+02:00,47.47,-44.4,0.0,3.0700000000000003
2026-10-06 01:16:00+02:00,48.29,-44.4,0.0,3.8900000000000006
2026-10-06 01:17:00+02:00,47.33,-44.4,0.0,2.9299999999999997
2026-10-06 01:18:00+02:00,47.25,-44.4,0.0,2.8500000000000014
2026-10-06 01:19:00+02:00,47.54,-44.4,0.0,3.1400000000000006
2026-10-06 01:20:00+02:00,47.42,-44.4,0.0,3.020000000000003
2026-10-06 01:21:00+02:00,47.21,-44.3,0.0,2.9100000000000037
2026-10-06 01:22:00+02:00,48.62,-44.3,0.0,4.32
2026-10-06 01:23:00+02:00,47.27,-44.3,0.0,2.970000000000006
2026-10-06 01:24:00+02:00,47.24,-44.4,0.0,2.8400000000000034
2026-10-06 01:25:00+02:00,47.34,-44.4,0.0,2.940000000000005
2026-10-06 01:26:00+02:00,47.53,-44.4,0.0,3.1300000000000026
2026-10-06 01:27:00+02:00,47.58,-44.4,0.0,3.1799999999999997
2026-10-06 01:28:00+02:00,47.6,-44.3,0.0,3.3000000000000043
2026-10-06 01:29:00+02:00,47.69,-44.3,0.0,3.3900000000000006
2026-10-06 01:30:00+02:00,47.27,-44.4,0.0,2.8700000000000045
2026-10-06 01:31:00+02:00,47.79,-44.3,0.0,3.490000000000002
2026-10-06 01:32:00+02:00,47.8,-44.4,0.0,3.3999999999999986
2026-10-06 01:33:00+02:00,48.09,-44.4,0.0,3.690000000000005
2026-10-06 01:34:00+02:00,49.81,-43.7,0.0,6.109999999999999
2026-10-06 01:35:00+02:00,49.02,-43.5,0.0,5.520000000000003
2026-10-06 01:36:00+02:00,47.77,-43.8,0.0,3.970000000000006
2026-10-06 01:37:00+02:00,47.18,-43.8,0.0,3.3800000000000026
2026-10-06 01:38:00+02:00,47.25,-43.7,0.0,3.549999999999997
2026-10-06 01:39:00+02:00,47.18,-43.8,0.0,3.3800000000000026
2026-10-06 01:40:00+02:00,47.11,-43.7,0.0,3.4099999999999966
2026-10-06 01:41:00+02:00,47.33,-43.8,0.0,3.530000000000001
2026-10-06 01:42:00+02:00,47.26,-43.7,0.0,3.559999999999995
2026-10-06 01:43:00+02:00,47.39,-43.7,0.0,3.6899999999999977
2026-10-06 01:44:00+02:00,47.45,-43.6,0.0,3.8500000000000014
2026-10-06 01:45:00+02:00,47.47,-43.8,0.0,3.6700000000000017
2026-10-06 01:46:00+02:00,47.43,-43.7,0.0,3.729999999999997
2026-10-06 01:47:00+02:00,47.06,-43.7,0.0,3.3599999999999994
2026-10-06 01:48:00+02:00,47.12,-43.8,0.0,3.3200000000000003
2026-10-06 01:49:00+02:00,47.22,-43.8,0.0,3.4200000000000017
2026-10-06 01:50:00+02:00,49.8,-43.7,0.0,6.099999999999994
2026-10-06 01:51:00+02:00,52.94,-39.2,0.0,13.739999999999995
2026-10-06 01:52:00+02:00,51.53,-37.7,0.0,13.829999999999998
2026-10-06 01:53:00+02:00,50.66,-36.7,0.0,13.959999999999994
2026-10-06 01:54:00+02:00,51.15,-35.0,0.0,16.15
2026-10-06 01:55:00+02:00,50.38,-34.3,0.0,16.080000000000005
2026-10-06 01:56:00+02:00,55.43,-28.5,0.0,26.93
2026-10-06 01:57:00+02:00,53.0,-26.8,0.0,26.2
2026-10-06 01:58:00+02:00,51.45,-25.4,0.0,26.050000000000004
2026-10-06 01:59:00+02:00,50.9,-24.5,0.0,26.4
2026-10-06 02:00:00+02:00,50.39,-23.3,0.0,27.09
2026-10-06 02:01:00+02:00,49.8,-23.2,0.0,26.599999999999998
2026-10-06 02:02:00+02:00,50.44,-22.5,0.0,27.939999999999998
2026-10-06 02:03:00+02:00,49.66,-22.1,0.0,27.559999999999995
2026-10-06 02:04:00+02:00,49.36,-21.7,0.0,27.66
2026-10-06 02:05:00+02:00,49.51,-21.7,0.0,27.81
2026-10-06 02:06:00+02:00,49.28,-21.3,0.0,27.98
2026-10-06 02:07:00+02:00,48.94,-21.1,0.0,27.839999999999996
2026-10-06 02:08:00+02:00,49.05,-21.0,0.0,28.049999999999997
2026-10-06 02:09:00+02:00,49.88,-21.1,0.0,28.78
2026-10-06 02:10:00+02:00,49.16,-21.0,0.0,28.159999999999997
2026-10-06 02:11:00+02:00,49.19,-20.8,0.0,28.389999999999997
2026-10-06 02:12:00+02:00,49.53,-20.4,0.0,29.130000000000003
2026-10-06 02:13:00+02:00,49.17,-20.7,0.0,28.470000000000002
2026-10-06 02:14:00+02:00,35.42,-31.0,0.0,4.420000000000002
2026-10-06 02:15:00+02:00,37.66,-34.0,0.0,3.6599999999999966
2026-10-06 02:16:00+02:00,41.01,-37.3,0.0,3.710000000000001
2026-10-06 02:17:00+02:00,42.97,-39.4,0.0,3.5700000000000003
2026-10-06 02:18:00+02:00,44.72,-41.0,0.0,3.719999999999999
2026-10-06 02:19:00+02:00,45.5,-41.7,0.0,3.799999999999997
2026-10-06 02:20:00+02:00,4.56,0.0,0.0,4.56
2026-10-06 02:21:00+02:00,5.15,-0.1,0.0,5.050000000000001
2026-10-06 02:22:00+02:00,4.34,-0.1,0.0,4.24
2026-10-06 02:23:00+02:00,4.27,-0.2,0.0,4.069999999999999
2026-10-06 02:24:00+02:00,4.25,-0.2,0.0,4.05
2026-10-06 02:25:00+02:00,4.28,-0.2,0.0,4.08
2026-10-06 02:26:00+02:00,4.22,-0.1,0.0,4.12
2026-10-06 02:27:00+02:00,4.25,-0.2,0.0,4.05
2026-10-06 02:28:00+02:00,4.24,0.0,0.0,4.24
2026-10-06 02:29:00+02:00,3.7,-0.2,0.0,3.5
2026-10-06 02:30:00+02:00,3.89,-0.1,0.0,3.79
2026-10-06 02:31:00+02:00,3.91,-0.1,0.0,3.81
2026-10-06 02:32:00+02:00,3.91,-0.2,0.0,3.71
2026-10-06 02:33:00+02:00,3.9,-0.2,0.0,3.6999999999999997
2026-10-06 02:34:00+02:00,3.7,-0.2,0.0,3.5
2026-10-06 02:35:00+02:00,3.56,-0.1,0.0,3.46
2026-10-06 02:36:00+02:00,3.6,-0.1,0.0,3.5
2026-10-06 02:37:00+02:00,3.57,-0.1,0.0,3.4699999999999998
2026-10-06 02:38:00+02:00,3.74,-0.2,0.0,3.54
2026-10-06 02:39:00+02:00,3.87,-0.2,0.0,3.67
2026-10-06 02:40:00+02:00,3.63,-0.1,0.0,3.53
2026-10-06 02:41:00+02:00,3.62,-0.2,0.0,3.42
2026-10-06 02:42:00+02:00,3.99,-0.2,0.0,3.79
2026-10-06 02:43:00+02:00,3.97,-0.1,0.0,3.87
2026-10-06 02:44:00+02:00,4.13,-0.2,0.0,3.9299999999999997
2026-10-06 02:45:00+02:00,3.77,-0.1,0.0,3.67
2026-10-06 02:46:00+02:00,3.71,-0.1,0.0,3.61
2026-10-06 02:47:00+02:00,3.73,-0.1,0.0,3.63
2026-10-06 02:48:00+02:00,4.44,-0.1,0.0,4.340000000000001
2026-10-06 02:49:00+02:00,4.07,-0.2,0.0,3.87
2026-10-06 02:50:00+02:00,3.78,-0.1,0.0,3.6799999999999997
2026-10-06 02:51:00+02:00,3.79,-0.2,0.0,3.59
2026-10-06 02:52:00+02:00,4.62,-0.2,0.0,4.42
2026-10-06 02:53:00+02:00,3.75,-0.1,0.0,3.65
2026-10-06 02:54:00+02:00,3.99,0.0,0.0,3.99
2026-10-06 02:55:00+02:00,4.03,-0.1,0.0,3.93
2026-10-06 02:56:00+02:00,4.15,-0.1,0.0,4.050000000000001
2026-10-06 02:57:00+02:00,4.16,-0.2,0.0,3.96
2026-10-06 02:58:00+02:00,3.84,0.0,0.0,3.84
2026-10-06 02:59:00+02:00,4.36,-0.2,0.0,4.16
2026-10-06 03:00:00+02:00,3.97,-0.2,0.0,3.77
2026-10-06 03:01:00+02:00,3.7,-0.2,0.0,3.5
2026-10-06 03:02:00+02:00,4.01,-0.1,0.0,3.9099999999999997
2026-10-06 03:03:00+02:00,4.02,-0.2,0.0,3.8199999999999994
2026-10-06 03:04:00+02:00,3.71,-0.3,0.0,3.41
2026-10-06 03:05:00+02:00,4.5,-0.1,0.0,4.4
2026-10-06 03:06:00+02:00,3.63,-0.1,0.0,3.53
2026-10-06 03:07:00+02:00,3.78,-0.1,0.0,3.6799999999999997
2026-10-06 03:08:00+02:00,4.05,-0.1,0.0,3.9499999999999997
2026-10-06 03:09:00+02:00,3.59,-0.2,0.0,3.3899999999999997
2026-10-06 03:10:00+02:00,3.61,-0.2,0.0,3.4099999999999997
2026-10-06 03:11:00+02:00,3.51,-0.1,0.0,3.4099999999999997
2026-10-06 03:12:00+02:00,3.82,-0.1,0.0,3.7199999999999998
2026-10-06 03:13:00+02:00,3.82,-0.1,0.0,3.7199999999999998
2026-10-06 03:14:00+02:00,3.51,-0.2,0.0,3.3099999999999996
2026-10-06 03:15:00+02:00,3.53,-0.2,0.0,3.3299999999999996
2026-10-06 03:16:00+02:00,3.48,-0.2,0.0,3.28
2026-10-06 03:17:00+02:00,3.55,-0.2,0.0,3.3499999999999996
2026-10-06 03:18:00+02:00,3.57,-0.1,0.0,3.4699999999999998
2026-10-06 03:19:00+02:00,3.7,-0.1,0.0,3.6
2026-10-06 03:20:00+02:00,3.86,-0.2,0.0,3.6599999999999997
2026-10-06 03:21:00+02:00,3.89,-0.1,0.0,3.79
2026-10-06 03:22:00+02:00,3.98,-0.2,0.0,3.78
2026-10-06 03:23:00+02:00,4.01,-0.2,0.0,3.8099999999999996
2026-10-06 03:24:00+02:00,4.78,-0.2,0.0,4.58
2026-10-06 03:25:00+02:00,3.64,-0.1,0.0,3.54
2026-10-06 03:26:00+02:00,3.58,-0.1,0.0,3.48
2026-10-06 03:27:00+02:00,3.62,-0.1,0.0,3.52
2026-10-06 03:28:00+02:00,3.59,,0.0,
2026-10-06 03:29:00+02:00,3.99,-0.3,0.0,3.6900000000000004
2026-10-06 03:30:00+02:00,4.02,-0.2,0.0,3.8199999999999994
2026-10-06 03:31:00+02:00,4.21,-0.2,0.0,4.01
2026-10-06 03:32:00+02:00,3.98,-0.1,0.0,3.88
2026-10-06 03:33:00+02:00,4.01,-0.1,0.0,3.9099999999999997
2026-10-06 03:34:00+02:00,4.19,-0.2,0.0,3.99
2026-10-06 03:35:00+02:00,3.9,-0.2,0.0,3.6999999999999997
2026-10-06 03:36:00+02:00,3.63,-0.2,0.0,3.4299999999999997
2026-10-06 03:37:00+02:00,3.67,0.0,0.0,3.67
2026-10-06 03:38:00+02:00,3.57,-0.2,0.0,3.3699999999999997
2026-10-06 03:39:00+02:00,3.77,-0.2,0.0,3.57
2026-10-06 03:40:00+02:00,3.93,0.0,0.0,3.93
2026-10-06 03:41:00+02:00,3.74,-0.1,0.0,3.64
2026-10-06 03:42:00+02:00,3.74,-0.3,0.0,3.4400000000000004
2026-10-06 03:43:00+02:00,3.74,-0.2,0.0,3.54
2026-10-06 03:44:00+02:00,3.8,-0.2,0.0,3.5999999999999996
2026-10-06 03:45:00+02:00,3.99,-0.2,0.0,3.79
2026-10-06 03:46:00+02:00,3.94,-0.1,0.0,3.84
2026-10-06 03:47:00+02:00,3.69,-0.2,0.0,3.4899999999999998
2026-10-06 03:48:00+02:00,3.62,-0.1,0.0,3.52
2026-10-06 03:49:00+02:00,3.63,0.0,0.0,3.63
2026-10-06 03:50:00+02:00,4.46,-0.1,0.0,4.36
2026-10-06 03:51:00+02:00,4.67,-0.1,0.0,4.57
2026-10-06 03:52:00+02:00,4.16,-0.2,0.0,3.96
2026-10-06 03:53:00+02:00,4.15,-0.1,0.0,4.050000000000001
2026-10-06 03:54:00+02:00,4.07,-0.1,0.0,3.97
2026-10-06 03:55:00+02:00,4.33,0.0,0.0,4.33
2026-10-06 03:56:00+02:00,4.23,-0.1,0.0,4.130000000000001
2026-10-06 03:57:00+02:00,3.99,-0.2,0.0,3.79
2026-10-06 03:58:00+02:00,4.01,-0.2,0.0,3.8099999999999996
2026-10-06 03:59:00+02:00,4.03,-0.1,0.0,3.93
2026-10-06 04:00:00+02:00,4.01,-0.1,0.0,3.9099999999999997
2026-10-06 04:01:00+02:00,4.01,-0.1,0.0,3.9099999999999997
2026-10-06 04:02:00+02:00,4.02,-0.2,0.0,3.8199999999999994
2026-10-06 04:03:00+02:00,4.27,-0.1,0.0,4.17
2026-10-06 04:04:00+02:00,4.56,-0.1,0.0,4.46
2026-10-06 04:05:00+02:00,15.26,-0.1,0.0,15.16
2026-10-06 04:06:00+02:00,14.38,-0.2,0.0,14.180000000000001
2026-10-06 04:07:00+02:00,15.03,-0.2,0.0,14.83
2026-10-06 04:08:00+02:00,14.41,-0.1,0.0,14.31
2026-10-06 04:09:00+02:00,16.55,-0.2,0.0,16.35
2026-10-06 04:10:00+02:00,25.97,-0.1,0.0,25.869999999999997
2026-10-06 04:11:00+02:00,26.24,-0.2,0.0,26.04
2026-10-06 04:12:00+02:00,26.32,-0.1,0.0,26.22
2026-10-06 04:13:00+02:00,26.9,-0.2,0.0,26.7
2026-10-06 04:14:00+02:00,27.07,-0.2,0.0,26.87
2026-10-06 04:15:00+02:00,27.22,0.0,0.0,27.22
2026-10-06 04:16:00+02:00,27.45,-0.1,0.0,27.349999999999998
2026-10-06 04:17:00+02:00,27.36,0.0,0.0,27.36
2026-10-06 04:18:00+02:00,27.56,-0.1,0.0,27.459999999999997
2026-10-06 04:19:00+02:00,27.66,-0.2,0.0,27.46
2026-10-06 04:20:00+02:00,28.73,-0.1,0.0,28.63
2026-10-06 04:21:00+02:00,28.85,0.0,0.0,28.85
2026-10-06 04:22:00+02:00,33.48,-0.2,0.0,33.279999999999994
2026-10-06 04:23:00+02:00,33.56,-0.2,0.0,33.36
2026-10-06 04:24:00+02:00,32.7,-0.2,0.0,32.5
2026-10-06 04:25:00+02:00,33.52,-0.1,0.0,33.42
2026-10-06 04:26:00+02:00,,4.1,0.0,
2026-10-06 04:27:00+02:00,23.62,13.2,0.0,36.82
2026-10-06 04:28:00+02:00,13.51,20.7,0.0,34.21
2026-10-06 04:29:00+02:00,9.41,25.3,0.0,34.71
2026-10-06 04:30:00+02:00,-0.05,21.5,0.0,21.45
2026-10-06 04:31:00+02:00,-7.04,15.8,0.0,8.760000000000002
2026-10-06 04:32:00+02:00,-5.52,14.0,0.0,8.48
2026-10-06 04:33:00+02:00,-3.78,12.3,0.0,8.520000000000001
2026-10-06 04:34:00+02:00,-2.29,10.7,0.0,8.41
2026-10-06 04:35:00+02:00,-1.51,10.1,0.0,8.59
2026-10-06 04:36:00+02:00,-0.98,9.6,0.0,8.62
2026-10-06 04:37:00+02:00,0.05,9.5,0.0,9.55
2026-10-06 04:38:00+02:00,-0.5,8.8,0.0,8.3
2026-10-06 04:39:00+02:00,-0.39,8.6,0.0,8.209999999999999
2026-10-06 04:40:00+02:00,1.35,8.4,0.0,9.75
2026-10-06 04:41:00+02:00,0.25,8.4,0.0,8.65
2026-10-06 04:42:00+02:00,0.18,8.6,0.0,8.78
2026-10-06 04:43:00+02:00,-0.02,8.4,0.0,8.38
2026-10-06 04:44:00+02:00,-0.16,8.4,0.0,8.24
2026-10-06 04:45:00+02:00,0.59,8.5,0.0,9.09
2026-10-06 04:46:00+02:00,-0.09,8.5,0.0,8.41
2026-10-06 04:47:00+02:00,-0.06,8.5,0.0,8.44
2026-10-06 04:48:00+02:00,0.12,8.3,0.0,8.42
2026-10-06 04:49:00+02:00,0.2,8.6,0.0,8.799999999999999
2026-10-06 04:50:00+02:00,0.19,8.5,0.0,8.69
2026-10-06 04:51:00+02:00,1.66,8.5,0.0,10.16
2026-10-06 04:52:00+02:00,0.19,8.6,0.0,8.79
2026-10-06 04:53:00+02:00,-0.17,8.5,0.0,8.33
2026-10-06 04:54:00+02:00,0.37,8.3,0.0,8.67
2026-10-06 04:55:00+02:00,0.21,8.3,0.0,8.510000000000002
2026-10-06 04:56:00+02:00,0.13,8.4,0.0,8.530000000000001
2026-10-06 04:57:00+02:00,-0.11,8.2,0.0,8.09
2026-10-06 04:58:00+02:00,1.0,8.2,0.0,9.2
2026-10-06 04:59:00+02:00,-0.11,8.4,0.0,8.290000000000001
2026-10-06 05:00:00+02:00,1.92,8.4,0.0,10.32
2026-10-06 05:01:00+02:00,1.6,8.2,0.0,9.799999999999999
2026-10-06 05:02:00+02:00,0.77,8.2,0.0,8.969999999999999
2026-10-06 05:03:00+02:00,0.43,8.4,0.0,8.83
2026-10-06 05:04:00+02:00,0.79,8.3,0.0,9.09
2026-10-06 05:05:00+02:00,0.91,8.2,0.0,9.11
2026-10-06 05:06:00+02:00,0.38,8.3,0.0,8.680000000000001
2026-10-06 05:07:00+02:00,0.42,8.2,0.0,8.62
2026-10-06 05:08:00+02:00,0.82,8.1,0.0,8.92
2026-10-06 05:09:00+02:00,0.75,8.2,0.0,8.95
2026-10-06 05:10:00+02:00,2.25,8.3,0.0,10.55
2026-10-06 05:11:00+02:00,0.63,8.3,0.0,8.930000000000001
2026-10-06 05:12:00+02:00,2.68,8.3,0.0,10.98
2026-10-06 05:13:00+02:00,1.01,8.3,0.0,9.31
2026-10-06 05:14:00+02:00,0.81,8.6,0.0,9.41
2026-10-06 05:15:00+02:00,1.2,8.4,0.0,9.6
2026-10-06 05:16:00+02:00,0.19,8.5,0.0,8.69
2026-10-06 05:17:00+02:00,0.34,8.5,0.0,8.84
2026-10-06 05:18:00+02:00,0.0,8.3,0.0,8.3
2026-10-06 05:19:00+02:00,-0.03,8.5,0.0,8.47
2026-10-06 05:20:00+02:00,4.39,10.5,0.0,14.89
2026-10-06 05:21:00+02:00,3.34,10.9,0.0,14.24
2026-10-06 05:22:00+02:00,2.91,11.5,0.0,14.41
2026-10-06 05:23:00+02:00,3.87,12.3,0.0,16.17
2026-10-06 05:24:00+02:00,3.35,13.9,0.0,17.25
2026-10-06 05:25:00+02:00,2.65,14.1,0.0,16.75
2026-10-06 05:26:00+02:00,2.7,14.3,0.0,17.0
2026-10-06 05:27:00+02:00,2.35,14.9,0.0,17.25
2026-10-06 05:28:00+02:00,2.48,14.8,0.0,17.28
2026-10-06 05:29:00+02:00,2.39,14.8,0.0,17.19
2026-10-06 05:30:00+02:00,2.29,15.2,0.0,17.49
2026-10-06 05:31:00+02:00,1.72,15.4,0.0,17.12
2026-10-06 05:32:00+02:00,1.31,15.1,0.0,16.41
2026-10-06 05:33:00+02:00,1.03,15.1,0.0,16.13
2026-10-06 05:34:00+02:00,1.68,15.3,0.0,16.98
2026-10-06 05:35:00+02:00,11.99,20.5,0.0,32.49
2026-10-06 05:36:00+02:00,8.14,22.1,0.0,30.240000000000002
2026-10-06 05:37:00+02:00,5.23,23.4,0.0,28.63
2026-10-06 05:38:00+02:00,4.6,24.7,0.0,29.299999999999997
2026-10-06 05:39:00+02:00,3.26,25.4,0.0,28.659999999999997
2026-10-06 05:40:00+02:00,3.75,26.4,0.0,30.15
2026-10-06 05:41:00+02:00,4.01,27.1,0.0,31.11
2026-10-06 05:42:00+02:00,1.52,27.9,0.0,29.419999999999998
2026-10-06 05:43:00+02:00,7.22,28.0,0.0,35.22
2026-10-06 05:44:00+02:00,2.85,28.6,0.0,31.450000000000003
2026-10-06 05:45:00+02:00,8.82,33.6,0.0,42.42
2026-10-06 05:46:00+02:00,-6.08,30.8,0.0,24.72
2026-10-06 05:47:00+02:00,-9.55,28.1,0.0,18.55
2026-10-06 05:48:00+02:00,-3.08,25.8,0.0,22.72
2026-10-06 05:49:00+02:00,-2.78,25.4,0.0,22.619999999999997
2026-10-06 05:50:00+02:00,-1.96,24.6,0.0,22.64
2026-10-06 05:51:00+02:00,0.25,24.0,0.0,24.25
2026-10-06 05:52:00+02:00,1.16,24.0,0.0,25.16
2026-10-06 05:53:00+02:00,-1.04,23.6,0.0,22.560000000000002
2026-10-06 05:54:00+02:00,-0.06,23.6,0.0,23.540000000000003
2026-10-06 05:55:00+02:00,-1.23,23.3,0.0,22.07
2026-10-06 05:56:00+02:00,4.21,23.5,0.0,27.71
2026-10-06 05:57:00+02:00,-1.18,23.5,0.0,22.32
2026-10-06 05:58:00+02:00,-0.65,23.4,0.0,22.75
2026-10-06 05:59:00+02:00,-0.84,23.1,0.0,22.26
2026-10-06 06:00:00+02:00,1.14,23.1,0.0,24.240000000000002
2026-10-06 06:01:00+02:00,-1.67,24.6,0.0,22.93
2026-10-06 06:02:00+02:00,-0.22,22.9,0.0,22.68
2026-10-06 06:03:00+02:00,0.4,22.9,0.0,23.299999999999997
2026-10-06 06:04:00+02:00,4.26,25.2,0.0,29.46
2026-10-06 06:05:00+02:00,0.04,23.5,0.0,23.54
2026-10-06 06:06:00+02:00,1.45,23.5,0.0,24.95
2026-10-06 06:07:00+02:00,1.4,23.4,0.0,24.799999999999997
2026-10-06 06:08:00+02:00,1.02,24.1,0.0,25.12
2026-10-06 06:09:00+02:00,5.59,24.7,0.0,30.29
2026-10-06 06:10:00+02:00,1.06,25.4,0.0,26.459999999999997
2026-10-06 06:11:00+02:00,11.72,27.4,0.0,39.12
2026-10-06 06:12:00+02:00,2.52,31.9,0.0,34.42
2026-10-06 06:13:00+02:00,6.98,37.9,0.0,44.879999999999995
2026-10-06 06:14:00+02:00,16.87,43.5,0.0,60.370000000000005
2026-10-06 06:15:00+02:00,9.03,48.2,0.0,57.230000000000004
2026-10-06 06:16:00+02:00,6.82,48.2,0.0,55.02
2026-10-06 06:17:00+02:00,-8.29,48.7,0.0,40.410000000000004
2026-10-06 06:18:00+02:00,-7.52,45.7,0.0,38.18000000000001
2026-10-06 06:19:00+02:00,2.24,41.9,0.0,44.14
2026-10-06 06:20:00+02:00,-4.34,42.7,0.0,38.36
2026-10-06 06:21:00+02:00,6.51,41.2,0.0,47.71
2026-10-06 06:22:00+02:00,3.9,40.6,0.0,44.5
2026-10-06 06:23:00+02:00,3.59,42.0,0.0,45.59
2026-10-06 06:24:00+02:00,-0.02,42.1,0.0,42.08
2026-10-06 06:25:00+02:00,-2.56,42.5,0.0,39.94
2026-10-06 06:26:00+02:00,-2.76,42.2,0.0,39.440000000000005
2026-10-06 06:27:00+02:00,-1.35,41.0,0.0,39.65
2026-10-06 06:28:00+02:00,11.68,38.6,0.0,50.28
2026-10-06 06:29:00+02:00,1.55,40.8,0.0,42.349999999999994
2026-10-06 06:30:00+02:00,4.5,41.7,0.0,46.2
2026-10-06 06:31:00+02:00,-1.37,41.6,0.0,40.230000000000004
2026-10-06 06:32:00+02:00,-1.07,42.6,0.0,41.53
2026-10-06 06:33:00+02:00,4.46,43.8,0.0,48.26
2026-10-06 06:34:00+02:00,7.09,42.6,0.0,49.69
2026-10-06 06:35:00+02:00,-2.13,40.8,0.0,38.669999999999995
2026-10-06 06:36:00+02:00,-3.57,41.8,0.0,38.23
2026-10-06 06:37:00+02:00,1.0,41.5,0.0,42.5
2026-10-06 06:38:00+02:00,-0.3,42.7,0.0,42.400000000000006
2026-10-06 06:39:00+02:00,1.98,42.4,0.0,44.379999999999995
2026-10-06 06:40:00+02:00,0.05,42.9,0.0,42.949999999999996
2026-10-06 06:41:00+02:00,-1.28,41.8,0.0,40.519999999999996
2026-10-06 06:42:00+02:00,1.14,41.0,0.0,42.14
2026-10-06 06:43:00+02:00,-0.19,41.0,0.0,40.81
2026-10-06 06:44:00+02:00,-0.54,40.8,0.0,40.26
2026-10-06 06:45:00+02:00,10.97,40.6,0.0,51.57
2026-10-06 06:46:00+02:00,5.59,46.2,0.0,51.790000000000006
2026-10-06 06:47:00+02:00,6.04,45.7,0.0,51.74
2026-10-06 06:48:00+02:00,2.11,49.8,0.0,51.91
2026-10-06 06:49:00+02:00,-2.68,47.8,0.0,45.12
2026-10-06 06:50:00+02:00,1.88,45.2,0.0,47.080000000000005
2026-10-06 06:51:00+02:00,-2.76,43.6,0.0,40.84
2026-10-06 06:52:00+02:00,3.45,41.9,0.0,45.35
2026-10-06 06:53:00+02:00,-0.59,42.3,0.0,41.709999999999994
2026-10-06 06:54:00+02:00,-3.3,40.0,0.0,36.7
2026-10-06 06:55:00+02:00,-2.03,41.8,0.0,39.769999999999996
2026-10-06 06:56:00+02:00,-1.71,41.0,0.0,39.29
2026-10-06 06:57:00+02:00,6.53,39.8,0.0,46.33
2026-10-06 06:58:00+02:00,-0.84,40.7,0.0,39.86
2026-10-06 06:59:00+02:00,-10.38,40.3,0.0,29.919999999999995
2026-10-06 07:00:00+02:00,-0.76,34.2,0.0,33.440000000000005
2026-10-06 07:01:00+02:00,-6.34,31.5,0.0,25.16
2026-10-06 07:02:00+02:00,0.48,31.4,0.0,31.88
2026-10-06 07:03:00+02:00,-0.56,31.2,0.0,30.64
2026-10-06 07:04:00+02:00,-2.49,29.8,0.0,27.310000000000002
2026-10-06 07:05:00+02:00,-2.18,29.2,0.0,27.02
2026-10-06 07:06:00+02:00,-3.19,30.0,0.04,26.849999999999998
2026-10-06 07:07:00+02:00,0.11,29.9,0.07,30.08
2026-10-06 07:08:00+02:00,-3.18,28.2,0.12,25.14
2026-10-06 07:09:00+02:00,-0.57,27.8,0.14,27.37
2026-10-06 07:10:00+02:00,-0.68,28.5,0.19,28.01
2026-10-06 07:11:00+02:00,-1.17,28.0,0.23,27.06
2026-10-06 07:12:00+02:00,4.67,27.4,0.3,32.37
2026-10-06 07:13:00+02:00,-1.63,26.7,0.36,25.43
2026-10-06 07:14:00+02:00,-0.47,26.9,0.39,26.82
2026-10-06 07:15:00+02:00,0.11,27.6,0.47,28.18
2026-10-06 07:16:00+02:00,-1.13,28.0,0.56,27.43
2026-10-06 07:17:00+02:00,-2.16,28.7,0.64,27.18
2026-10-06 07:18:00+02:00,4.64,31.6,0.67,36.910000000000004
2026-10-06 07:19:00+02:00,6.16,32.6,0.72,39.480000000000004
2026-10-06 07:20:00+02:00,5.49,37.8,0.75,44.04
2026-10-06 07:21:00+02:00,-5.22,31.1,0.83,26.71
2026-10-06 07:22:00+02:00,-0.94,33.2,0.89,33.150000000000006
2026-10-06 07:23:00+02:00,-3.66,31.9,0.93,29.169999999999998
2026-10-06 07:24:00+02:00,3.06,28.0,1.02,32.08
2026-10-06 07:25:00+02:00,-3.82,30.9,1.13,28.209999999999997
2026-10-06 07:26:00+02:00,4.36,27.6,1.2,33.160000000000004
2026-10-06 07:27:00+02:00,-0.51,28.6,1.28,29.37
2026-10-06 07:28:00+02:00,-2.21,29.2,1.37,28.36
2026-10-06 07:29:00+02:00,-1.36,27.7,1.46,27.8
2026-10-06 07:30:00+02:00,0.44,28.0,1.56,30.0
2026-10-06 07:31:00+02:00,-1.35,25.7,1.66,26.009999999999998
2026-10-06 07:32:00+02:00,2.14,26.7,1.81,30.65
2026-10-06 07:33:00+02:00,-0.11,26.3,1.92,28.11
2026-10-06 07:34:00+02:00,2.2,25.2,2.04,29.439999999999998
2026-10-06 07:35:00+02:00,-1.49,27.2,2.22,27.93
2026-10-06 07:36:00+02:00,-1.8,25.2,2.39,25.79
2026-10-06 07:37:00+02:00,-1.93,26.6,2.67,27.340000000000003
2026-10-06 07:38:00+02:00,-2.14,24.4,2.87,25.13
2026-10-06 07:39:00+02:00,-1.19,23.5,3.03,25.34
2026-10-06 07:40:00+02:00,-1.52,23.5,3.2,25.18
2026-10-06 07:41:00+02:00,0.73,24.4,3.37,28.5
2026-10-06 07:42:00+02:00,9.64,30.4,3.49,43.53
2026-10-06 07:43:00+02:00,5.15,30.8,3.62,39.57
2026-10-06 07:44:00+02:00,8.56,33.7,3.76,46.02
2026-10-06 07:45:00+02:00,-1.99,32.3,3.9,34.21
2026-10-06 07:46:00+02:00,-8.02,31.5,4.05,27.53
2026-10-06 07:47:00+02:00,-1.14,30.1,4.17,33.13
2026-10-06 07:48:00+02:00,5.79,27.3,4.33,37.42
2026-10-06 07:49:00+02:00,-3.54,27.3,4.44,28.200000000000003
2026-10-06 07:50:00+02:00,-4.92,25.0,4.61,24.689999999999998
2026-10-06 07:51:00+02:00,-2.49,25.0,4.76,27.269999999999996
2026-10-06 07:52:00+02:00,4.43,25.9,4.93,35.26
2026-10-06 07:53:00+02:00,-1.18,24.4,5.08,28.299999999999997
2026-10-06 07:54:00+02:00,0.95,25.0,5.24,31.189999999999998
2026-10-06 07:55:00+02:00,-2.09,25.0,5.5,28.41
2026-10-06 07:56:00+02:00,-1.39,24.5,5.69,28.8
2026-10-06 07:57:00+02:00,1.0,24.6,5.86,31.46
2026-10-06 07:58:00+02:00,3.0,22.5,6.02,31.52
2026-10-06 07:59:00+02:00,8.49,25.5,6.2,40.190000000000005
2026-10-06 08:00:00+02:00,1.78,23.9,6.33,32.01
2026-10-06 08:01:00+02:00,2.11,24.4,6.53,33.04
2026-10-06 08:02:00+02:00,-1.67,23.0,6.7,28.029999999999998
2026-10-06 08:03:00+02:00,0.53,23.3,6.87,30.700000000000003
2026-10-06 08:04:00+02:00,-2.51,24.1,7.05,28.640000000000004
2026-10-06 08:05:00+02:00,-1.09,22.7,7.21,28.82
2026-10-06 08:06:00+02:00,0.28,22.3,7.38,29.96
2026-10-06 08:07:00+02:00,-0.63,22.2,7.52,29.09
2026-10-06 08:08:00+02:00,-1.32,21.0,7.68,27.36
2026-10-06 08:09:00+02:00,-1.84,19.8,7.86,25.82
2026-10-06 08:10:00+02:00,9.96,25.1,8.07,43.13
2026-10-06 08:11:00+02:00,6.97,26.3,8.2,41.47
2026-10-06 08:12:00+02:00,4.07,26.9,8.56,39.53
2026-10-06 08:13:00+02:00,3.71,27.6,8.56,39.870000000000005
2026-10-06 08:14:00+02:00,-5.11,24.4,8.77,28.06
2026-10-06 08:15:00+02:00,-3.04,21.6,8.88,27.440000000000005
2026-10-06 08:16:00+02:00,-1.86,19.8,9.07,27.01
2026-10-06 08:17:00+02:00,4.22,19.5,9.22,32.94
2026-10-06 08:18:00+02:00,-1.72,17.7,9.3,25.28
2026-10-06 08:19:00+02:00,1.74,18.4,9.55,29.689999999999998
2026-10-06 08:20:00+02:00,-0.76,18.4,9.72,27.36
2026-10-06 08:21:00+02:00,-1.66,18.3,10.02,26.66
2026-10-06 08:22:00+02:00,0.89,19.0,10.02,29.91
2026-10-06 08:23:00+02:00,-1.85,19.1,10.18,27.43
2026-10-06 08:24:00+02:00,5.34,18.2,10.36,33.9
2026-10-06 08:25:00+02:00,3.18,19.2,10.61,32.989999999999995
2026-10-06 08:26:00+02:00,-1.45,20.0,10.82,29.37
2026-10-06 08:27:00+02:00,5.49,19.4,11.01,35.9
2026-10-06 08:28:00+02:00,-1.34,18.8,11.12,28.58
2026-10-06 08:29:00+02:00,0.9,20.4,11.48,32.78
2026-10-06 08:30:00+02:00,3.35,20.9,11.48,35.730000000000004
2026-10-06 08:31:00+02:00,-2.48,19.1,12.06,28.68
2026-10-06 08:32:00+02:00,0.01,20.6,12.25,32.86
2026-10-06 08:33:00+02:00,-2.49,21.4,12.25,31.159999999999997
2026-10-06 08:34:00+02:00,0.97,18.9,12.5,32.37
2026-10-06 08:35:00+02:00,-2.26,20.9,12.81,31.450000000000003
2026-10-06 08:36:00+02:00,4.35,23.1,12.81,40.260000000000005
2026-10-06 08:37:00+02:00,4.54,24.9,13.21,42.65
2026-10-06 08:38:00+02:00,2.07,25.0,13.4,40.47
2026-10-06 08:39:00+02:00,14.71,31.8,13.55,60.06
2026-10-06 08:40:00+02:00,9.97,36.6,13.55,60.120000000000005
2026-10-06 08:41:00+02:00,11.51,40.2,13.8,65.51
2026-10-06 08:42:00+02:00,8.44,47.1,13.95,69.49
2026-10-06 08:43:00+02:00,-0.04,42.8,14.18,56.94
2026-10-06 08:44:00+02:00,0.47,43.1,14.18,57.75
2026-10-06 08:45:00+02:00,-4.6,42.5,14.53,52.43
2026-10-06 08:46:00+02:00,5.51,41.3,14.67,61.48
2026-10-06 08:47:00+02:00,-1.46,40.4,14.83,53.769999999999996
2026-10-06 08:48:00+02:00,5.4,42.7,15.01,63.11
2026-10-06 08:49:00+02:00,-0.18,41.5,15.14,56.46
2026-10-06 08:50:00+02:00,1.03,40.5,15.14,56.67
2026-10-06 08:51:00+02:00,5.51,41.1,15.39,62.0
2026-10-06 08:52:00+02:00,5.93,43.5,15.81,65.24
2026-10-06 08:53:00+02:00,3.45,42.7,15.81,61.96000000000001
2026-10-06 08:54:00+02:00,6.19,42.4,16.04,64.63
2026-10-06 08:55:00+02:00,-3.1,41.8,16.28,54.98
2026-10-06 08:56:00+02:00,-1.32,41.7,16.28,56.660000000000004
2026-10-06 08:57:00+02:00,6.56,42.0,16.67,65.23
2026-10-06 08:58:00+02:00,-3.94,40.9,16.77,53.730000000000004
2026-10-06 08:59:00+02:00,-17.24,28.8,17.0,28.560000000000002
2026-10-06 09:00:00+02:00,-9.48,28.5,17.3,36.32
2026-10-06 09:01:00+02:00,-8.93,23.2,17.41,31.68
2026-10-06 09:02:00+02:00,-2.3,20.7,17.56,35.959999999999994
2026-10-06 09:03:00+02:00,-6.41,20.7,17.56,31.849999999999998
2026-10-06 09:04:00+02:00,4.97,20.6,18.08,43.65
2026-10-06 09:05:00+02:00,-4.69,19.2,18.08,32.589999999999996
2026-10-06 09:06:00+02:00,-5.18,17.1,18.16,30.080000000000002
2026-10-06 09:07:00+02:00,2.23,16.3,18.35,36.88
2026-10-06 09:08:00+02:00,-2.07,15.0,18.39,31.32
2026-10-06 09:09:00+02:00,4.21,16.3,18.39,38.900000000000006
2026-10-06 09:10:00+02:00,-0.18,15.2,18.69,33.71
2026-10-06 09:11:00+02:00,-2.52,15.7,19.0,32.18
2026-10-06 09:12:00+02:00,-3.66,14.3,19.21,29.85
2026-10-06 09:13:00+02:00,-1.81,13.7,19.21,31.1
2026-10-06 09:14:00+02:00,4.7,12.9,19.59,37.19
2026-10-06 09:15:00+02:00,-1.92,11.6,19.59,29.27
2026-10-06 09:16:00+02:00,9.34,17.7,19.65,46.69
2026-10-06 09:17:00+02:00,4.67,16.5,19.89,41.06
2026-10-06 09:18:00+02:00,5.99,19.0,20.05,45.040000000000006
2026-10-06 09:19:00+02:00,-6.0,14.9,20.19,29.090000000000003
2026-10-06 09:20:00+02:00,-5.87,14.3,20.29,28.72
2026-10-06 09:21:00+02:00,-3.22,12.4,20.42,29.6
2026-10-06 09:22:00+02:00,-5.2,11.4,20.7,26.9
2026-10-06 09:23:00+02:00,-1.38,11.9,20.7,31.22
2026-10-06 09:24:00+02:00,-2.76,12.8,20.97,31.009999999999998
2026-10-06 09:25:00+02:00,-3.12,10.5,20.97,28.349999999999998
2026-10-06 09:26:00+02:00,-3.52,8.9,21.54,26.92
2026-10-06 09:27:00+02:00,-8.38,9.4,21.68,22.7
2026-10-06 09:28:00+02:00,-1.3,9.4,21.67,29.770000000000003
2026-10-06 09:29:00+02:00,-0.9,10.3,21.75,31.15
2026-10-06 09:30:00+02:00,1.03,9.5,22.09,32.62
2026-10-06 09:31:00+02:00,-1.97,7.8,23.22,29.049999999999997
2026-10-06 09:32:00+02:00,-2.27,7.7,23.94,29.37
2026-10-06 09:33:00+02:00,-1.94,6.3,24.58,28.939999999999998
2026-10-06 09:34:00+02:00,2.97,6.0,25.28,34.25
2026-10-06 09:35:00+02:00,-1.68,4.9,26.1,29.32
2026-10-06 09:36:00+02:00,-4.16,2.4,26.99,25.229999999999997
2026-10-06 09:37:00+02:00,-4.86,0.9,27.9,23.939999999999998
2026-10-06 09:38:00+02:00,10.71,7.5,28.7,46.91
2026-10-06 09:39:00+02:00,6.7,8.5,29.51,44.71
2026-10-06 09:40:00+02:00,6.45,9.6,30.32,46.370000000000005
2026-10-06 09:41:00+02:00,-0.4,10.0,31.06,40.66
2026-10-06 09:42:00+02:00,-0.46,10.3,31.73,41.57
2026-10-06 09:43:00+02:00,-6.74,0.8,32.25,26.31
2026-10-06 09:44:00+02:00,-1.6,0.3,32.55,31.249999999999996
2026-10-06 09:45:00+02:00,-4.53,-1.4,32.92,26.990000000000002
2026-10-06 09:46:00+02:00,-3.36,-4.1,33.2,25.740000000000002
2026-10-06 09:47:00+02:00,9.85,-1.6,33.37,41.62
2026-10-06 09:48:00+02:00,6.03,2.1,,
2026-10-06 09:49:00+02:00,7.69,1.4,33.53,42.620000000000005
2026-10-06 09:50:00+02:00,1.6,2.6,33.83,38.03
2026-10-06 09:51:00+02:00,-5.28,-1.4,34.22,27.54
2026-10-06 09:52:00+02:00,-4.52,-3.2,34.56,26.840000000000003
2026-10-06 09:53:00+02:00,-1.96,-4.1,34.91,28.849999999999998
2026-10-06 09:54:00+02:00,10.61,-3.0,35.24,42.85
2026-10-06 09:55:00+02:00,15.08,-3.9,35.61,46.79
2026-10-06 09:56:00+02:00,-5.59,-6.1,36.1,24.410000000000004
2026-10-06 09:57:00+02:00,-1.85,-5.5,36.59,29.240000000000002
2026-10-06 09:58:00+02:00,-1.27,-5.8,36.94,29.869999999999997
2026-10-06 09:59:00+02:00,3.55,-4.9,37.17,35.82
2026-10-06 10:00:00+02:00,5.69,-3.8,37.57,39.46
2026-10-06 10:01:00+02:00,-1.0,-7.1,37.81,29.71
2026-10-06 10:02:00+02:00,-0.08,-6.5,37.99,31.410000000000004
2026-10-06 10:03:00+02:00,-1.99,-7.3,38.12,28.83
2026-10-06 10:04:00+02:00,-1.52,-7.8,38.33,29.009999999999998
2026-10-06 10:05:00+02:00,-0.58,-6.8,38.51,31.13
2026-10-06 10:06:00+02:00,-0.51,-7.3,38.69,30.88
2026-10-06 10:07:00+02:00,-1.48,-8.3,38.93,29.15
2026-10-06 10:08:00+02:00,1.01,-4.3,39.09,35.800000000000004
2026-10-06 10:09:00+02:00,0.48,-6.1,39.2,33.580000000000005
2026-10-06 10:10:00+02:00,4.73,-5.5,39.29,38.519999999999996
2026-10-06 10:11:00+02:00,-1.41,-4.4,39.54,33.73
2026-10-06 10:12:00+02:00,4.52,-7.4,39.8,36.919999999999995
2026-10-06 10:13:00+02:00,-2.32,-6.2,39.97,31.45
2026-10-06 10:14:00+02:00,-2.28,-4.9,40.08,32.9
2026-10-06 10:15:00+02:00,-0.6,-8.4,40.19,31.189999999999998
2026-10-06 10:16:00+02:00,-0.76,-8.0,40.32,31.560000000000002
2026-10-06 10:17:00+02:00,-0.85,-8.1,40.5,31.55
2026-10-06 10:18:00+02:00,11.2,-2.9,40.67,48.97
2026-10-06 10:19:00+02:00,10.17,-1.1,40.77,49.84
2026-10-06 10:20:00+02:00,7.78,0.6,40.94,49.32
2026-10-06 10:21:00+02:00,-6.4,-3.8,41.11,30.91
2026-10-06 10:22:00+02:00,-1.56,-6.7,41.22,32.96
2026-10-06 10:23:00+02:00,-4.54,-5.4,41.36,31.419999999999998
2026-10-06 10:24:00+02:00,1.6,-7.4,41.52,35.72
2026-10-06 10:25:00+02:00,0.82,-8.5,41.74,34.06
2026-10-06 10:26:00+02:00,-2.63,-9.6,41.91,29.679999999999996
2026-10-06 10:27:00+02:00,1.9,-9.8,42.05,34.15
2026-10-06 10:28:00+02:00,-2.56,-11.7,42.15,27.89
2026-10-06 10:29:00+02:00,-0.98,-10.5,42.26,30.779999999999998
2026-10-06 10:30:00+02:00,-0.53,-11.9,42.47,30.04
2026-10-06 10:31:00+02:00,-2.69,-12.0,42.63,27.940000000000005
2026-10-06 10:32:00+02:00,4.03,-12.2,42.74,34.57000000000001
2026-10-06 10:33:00+02:00,0.21,-11.5,42.85,31.560000000000002
2026-10-06 10:34:00+02:00,0.16,-12.4,42.99,30.75
2026-10-06 10:35:00+02:00,1.09,-12.1,43.12,32.11
2026-10-06 10:36:00+02:00,3.54,-11.5,43.28,35.32
2026-10-06 10:37:00+02:00,5.08,-11.9,43.44,36.62
2026-10-06 10:38:00+02:00,-0.95,-11.8,43.62,30.869999999999997
2026-10-06 10:39:00+02:00,3.06,-11.4,43.77,35.43000000000001
2026-10-06 10:40:00+02:00,-1.88,-10.1,43.87,31.889999999999997
2026-10-06 10:41:00+02:00,8.33,-11.8,43.96,40.49
2026-10-06 10:42:00+02:00,1.79,-6.0,44.01,39.8
2026-10-06 10:43:00+02:00,2.05,-4.9,44.15,41.3
2026-10-06 10:44:00+02:00,2.75,-4.1,44.27,42.92
2026-10-06 10:45:00+02:00,-4.49,-9.2,44.36,30.67
2026-10-06 10:46:00+02:00,-2.23,-9.8,44.49,32.46
2026-10-06 10:47:00+02:00,-3.43,-11.0,44.65,30.22
2026-10-06 10:48:00+02:00,1.83,-14.5,44.78,32.11
2026-10-06 10:49:00+02:00,-2.69,-11.4,44.86,30.77
2026-10-06 10:50:00+02:00,1.55,-10.1,44.98,36.43
2026-10-06 10:51:00+02:00,-2.3,-11.5,45.13,31.330000000000002
2026-10-06 10:52:00+02:00,-2.82,-13.3,45.27,29.150000000000002
2026-10-06 10:53:00+02:00,-1.62,-14.1,45.4,29.68
2026-10-06 10:54:00+02:00,-2.1,-15.0,45.45,28.35
2026-10-06 10:55:00+02:00,-0.13,-14.8,45.61,30.68
2026-10-06 10:56:00+02:00,-0.71,,45.76,
2026-10-06 10:57:00+02:00,0.04,-16.5,45.87,29.409999999999997
2026-10-06 10:58:00+02:00,0.13,-14.6,45.94,31.47
2026-10-06 10:59:00+02:00,2.94,-16.1,46.06,32.9
2026-10-06 11:00:00+02:00,1.02,-13.7,46.12,33.44
2026-10-06 11:01:00+02:00,3.63,-15.8,46.19,34.019999999999996
2026-10-06 11:02:00+02:00,-0.15,-16.1,46.21,29.96
2026-10-06 11:03:00+02:00,3.82,-15.3,46.36,34.879999999999995
2026-10-06 11:04:00+02:00,5.94,-14.4,46.43,37.97
2026-10-06 11:05:00+02:00,6.27,-11.2,46.51,41.58
2026-10-06 11:06:00+02:00,5.99,-7.7,46.56,44.85
2026-10-06 11:07:00+02:00,-4.7,-5.1,46.71,36.91
2026-10-06 11:08:00+02:00,0.75,-12.4,46.8,35.15
2026-10-06 11:09:00+02:00,-2.1,-12.3,46.87,32.47
2026-10-06 11:10:00+02:00,6.17,-14.9,46.9,38.17
2026-10-06 11:11:00+02:00,-1.84,-12.9,47.03,32.29
2026-10-06 11:12:00+02:00,-4.68,-14.1,47.12,28.339999999999996
2026-10-06 11:13:00+02:00,0.36,-16.9,47.18,30.64
2026-10-06 11:14:00+02:00,-1.27,-15.1,47.31,30.94
2026-10-06 11:15:00+02:00,-0.96,-15.8,47.44,30.679999999999996
2026-10-06 11:16:00+02:00,-0.54,-17.0,47.53,29.990000000000002
2026-10-06 11:17:00+02:00,-1.59,-16.0,47.56,29.970000000000002
2026-10-06 11:18:00+02:00,7.18,-16.9,47.67,37.95
2026-10-06 11:19:00+02:00,4.78,-15.8,47.75,36.730000000000004
2026-10-06 11:20:00+02:00,-2.26,-15.8,47.82,29.759999999999998
2026-10-06 11:21:00+02:00,1.09,-16.3,47.82,32.61
2026-10-06 11:22:00+02:00,5.41,-16.9,47.94,36.45
2026-10-06 11:23:00+02:00,-0.31,-15.5,48.01,32.199999999999996
2026-10-06 11:24:00+02:00,1.51,-18.2,48.11,31.42
2026-10-06 11:25:00+02:00,3.3,-18.0,48.18,33.480000000000004
2026-10-06 11:26:00+02:00,-1.6,-18.2,48.33,28.529999999999998
2026-10-06 11:27:00+02:00,-1.25,-18.5,48.46,28.71
2026-10-06 11:28:00+02:00,1.16,-18.0,48.48,31.639999999999997
2026-10-06 11:29:00+02:00,9.07,-18.4,48.61,39.28
2026-10-06 11:30:00+02:00,12.07,-16.5,48.68,44.25
2026-10-06 11:31:00+02:00,6.32,-10.2,48.71,44.83
2026-10-06 11:32:00+02:00,-10.36,-8.6,48.77,29.810000000000002
2026-10-06 11:33:00+02:00,-5.2,-13.0,48.89,30.69
2026-10-06 11:34:00+02:00,3.26,-15.5,48.94,36.699999999999996
2026-10-06 11:35:00+02:00,-2.86,-14.1,49.06,32.1
2026-10-06 11:36:00+02:00,4.67,-16.7,49.11,37.08
2026-10-06 11:37:00+02:00,6.67,-13.4,49.21,42.480000000000004
2026-10-06 11:38:00+02:00,3.56,-8.8,49.24,44.0
2026-10-06 11:39:00+02:00,6.29,-7.3,49.21,48.2
2026-10-06 11:40:00+02:00,-2.2,-6.1,49.32,41.019999999999996
2026-10-06 11:41:00+02:00,7.96,-8.6,49.37,48.73
2026-10-06 11:42:00+02:00,4.31,-2.9,49.43,50.839999999999996
2026-10-06 11:43:00+02:00,8.29,-2.0,49.43,55.72
2026-10-06 11:44:00+02:00,2.35,0.0,49.52,51.870000000000005
2026-10-06 11:45:00+02:00,7.92,-0.5,49.56,56.980000000000004
2026-10-06 11:46:00+02:00,1.03,-2.2,49.58,48.41
2026-10-06 11:47:00+02:00,1.12,-1.2,49.61,49.53
2026-10-06 11:48:00+02:00,3.97,-0.7,49.61,52.88
2026-10-06 11:49:00+02:00,0.7,0.6,49.65,50.949999999999996
2026-10-06 11:50:00+02:00,0.63,1.4,49.64,51.67
2026-10-06 11:51:00+02:00,3.98,1.9,49.71,55.59
2026-10-06 11:52:00+02:00,2.61,1.9,49.73,54.239999999999995
2026-10-06 11:53:00+02:00,1.73,0.8,49.69,52.22
2026-10-06 11:54:00+02:00,9.97,2.1,49.77,61.84
2026-10-06 11:55:00+02:00,1.2,4.2,49.77,55.17
2026-10-06 11:56:00+02:00,0.08,4.2,49.9,54.18
2026-10-06 11:57:00+02:00,0.59,3.7,49.93,54.22
2026-10-06 11:58:00+02:00,-11.44,3.9,50.02,42.480000000000004
2026-10-06 11:59:00+02:00,-9.78,-8.5,50.04,31.759999999999998
2026-10-06 12:00:00+02:00,-6.77,-11.4,50.06,31.89
2026-10-06 12:01:00+02:00,-4.53,-13.9,50.08,31.65
2026-10-06 12:02:00+02:00,-2.07,-17.5,50.18,30.61
2026-10-06 12:03:00+02:00,-2.56,-17.6,50.23,30.069999999999997
2026-10-06 12:04:00+02:00,-1.15,-20.6,50.28,28.53
2026-10-06 12:05:00+02:00,-1.0,-20.2,50.32,29.12
2026-10-06 12:06:00+02:00,10.46,-21.2,50.26,39.519999999999996
2026-10-06 12:07:00+02:00,3.68,-21.0,50.26,32.94
2026-10-06 12:08:00+02:00,2.83,-14.7,50.34,38.470000000000006
2026-10-06 12:09:00+02:00,-9.65,-15.3,50.44,25.489999999999995
2026-10-06 12:10:00+02:00,-5.2,-14.4,50.44,30.839999999999996
2026-10-06 12:11:00+02:00,-2.11,-18.7,50.53,29.720000000000002
2026-10-06 12:12:00+02:00,-2.06,-21.5,50.66,27.099999999999998
2026-10-06 12:13:00+02:00,-0.62,-22.8,50.76,27.339999999999996
2026-10-06 12:14:00+02:00,-0.32,-22.6,50.77,27.85
2026-10-06 12:15:00+02:00,-1.21,-23.1,50.83,26.519999999999996
2026-10-06 12:16:00+02:00,-0.54,-24.6,50.86,25.72
2026-10-06 12:17:00+02:00,-0.09,-24.4,50.85,26.360000000000003
2026-10-06 12:18:00+02:00,1.58,-25.0,50.74,27.32
2026-10-06 12:19:00+02:00,3.18,-23.5,50.8,30.479999999999997
2026-10-06 12:20:00+02:00,1.84,-24.9,50.85,27.790000000000003
2026-10-06 12:21:00+02:00,0.51,-23.3,50.82,28.03
2026-10-06 12:22:00+02:00,0.29,-25.3,50.87,25.859999999999996
2026-10-06 12:23:00+02:00,-1.65,-23.2,50.89,26.040000000000003
2026-10-06 12:24:00+02:00,2.42,-23.8,50.88,29.5
2026-10-06 12:25:00+02:00,0.92,-22.2,50.87,29.59
2026-10-06 12:26:00+02:00,1.51,-22.0,50.95,30.460000000000004
2026-10-06 12:27:00+02:00,-0.5,-22.8,51.01,27.709999999999997
2026-10-06 12:28:00+02:00,-0.27,-22.9,50.92,27.750000000000004
2026-10-06 12:29:00+02:00,-1.84,-22.2,50.95,26.910000000000004
2026-10-06 12:30:00+02:00,-0.81,-23.7,50.93,26.42
2026-10-06 12:31:00+02:00,-0.68,-23.3,50.88,26.900000000000002
2026-10-06 12:32:00+02:00,0.35,-23.3,50.9,27.95
2026-10-06 12:33:00+02:00,-1.14,-23.3,50.92,26.48
2026-10-06 12:34:00+02:00,2.93,-21.9,50.89,31.92
2026-10-06 12:35:00+02:00,0.42,-22.6,50.75,28.57
2026-10-06 12:36:00+02:00,1.29,-22.9,50.79,29.18
2026-10-06 12:37:00+02:00,-1.0,-23.0,50.75,26.75
2026-10-06 12:38:00+02:00,0.49,-22.8,50.69,28.379999999999995
2026-10-06 12:39:00+02:00,0.89,-21.7,50.68,29.87
2026-10-06 12:40:00+02:00,1.15,-22.4,50.72,29.47
2026-10-06 12:41:00+02:00,-0.76,-22.9,50.82,27.16
2026-10-06 12:42:00+02:00,-0.2,-22.9,50.87,27.77
2026-10-06 12:43:00+02:00,-0.68,-22.2,50.99,28.110000000000003
2026-10-06 12:44:00+02:00,5.51,-23.7,50.87,32.68
2026-10-06 12:45:00+02:00,0.08,-23.1,50.75,27.729999999999997
2026-10-06 12:46:00+02:00,5.3,-23.2,50.81,32.910000000000004
2026-10-06 12:47:00+02:00,,-23.5,50.85,
2026-10-06 12:48:00+02:00,-0.59,-23.3,50.89,27.0
2026-10-06 12:49:00+02:00,6.87,-23.4,50.9,34.370000000000005
2026-10-06 12:50:00+02:00,0.98,-21.7,50.89,30.17
2026-10-06 12:51:00+02:00,4.79,-21.6,50.83,34.019999999999996
2026-10-06 12:52:00+02:00,-0.14,-22.5,50.73,28.089999999999996
2026-10-06 12:53:00+02:00,-0.32,-21.9,50.76,28.54
2026-10-06 12:54:00+02:00,-0.66,-23.1,50.84,27.080000000000002
2026-10-06 12:55:00+02:00,6.02,-17.6,50.76,39.17999999999999
2026-10-06 12:56:00+02:00,4.98,-12.0,50.78,43.760000000000005
2026-10-06 12:57:00+02:00,3.76,-14.5,50.77,40.03
2026-10-06 12:58:00+02:00,-6.75,-15.4,50.75,28.6
2026-10-06 12:59:00+02:00,-4.41,-17.4,50.67,28.860000000000003
2026-10-06 13:00:00+02:00,0.34,-17.2,50.72,33.86
2026-10-06 13:01:00+02:00,0.6,-17.3,50.72,34.019999999999996
2026-10-06 13:02:00+02:00,0.08,-17.4,50.66,33.339999999999996
2026-10-06 13:03:00+02:00,0.37,-17.8,50.84,33.410000000000004
2026-10-06 13:04:00+02:00,0.61,-16.8,50.96,34.769999999999996
2026-10-06 13:05:00+02:00,1.57,-16.8,51.04,35.81
2026-10-06 13:06:00+02:00,1.73,-16.1,51.18,36.81
2026-10-06 13:07:00+02:00,-0.05,-18.2,51.28,33.03
2026-10-06 13:08:00+02:00,3.08,-17.6,51.38,36.86
2026-10-06 13:09:00+02:00,0.45,-17.2,50.56,33.81
2026-10-06 13:10:00+02:00,5.77,-13.3,49.46,41.93
2026-10-06 13:11:00+02:00,2.34,-15.9,50.38,36.82
2026-10-06 13:12:00+02:00,-2.29,-17.5,51.16,31.369999999999997
2026-10-06 13:13:00+02:00,-2.26,-16.6,51.28,32.42
2026-10-06 13:14:00+02:00,-0.16,-17.0,51.01,33.849999999999994
2026-10-06 13:15:00+02:00,6.89,-17.4,50.9,40.39
2026-10-06 13:16:00+02:00,0.33,-16.6,51.14,34.87
2026-10-06 13:17:00+02:00,0.74,-17.3,51.35,34.79
2026-10-06 13:18:00+02:00,1.84,-17.2,50.92,35.56
2026-10-06 13:19:00+02:00,0.13,-15.8,50.9,35.23
2026-10-06 13:20:00+02:00,1.62,-15.6,51.49,37.510000000000005
2026-10-06 13:21:00+02:00,-2.91,-16.1,51.85,32.84
2026-10-06 13:22:00+02:00,-2.66,-19.7,51.76,29.4
2026-10-06 13:23:00+02:00,-0.89,-18.2,51.59,32.5
2026-10-06 13:24:00+02:00,0.61,-17.9,51.45,34.160000000000004
2026-10-06 13:25:00+02:00,0.17,-15.6,51.28,35.85
2026-10-06 13:26:00+02:00,1.97,-17.4,51.46,36.03
2026-10-06 13:27:00+02:00,2.48,-18.4,51.46,35.540000000000006
2026-10-06 13:28:00+02:00,0.94,-17.6,50.61,33.95
2026-10-06 13:29:00+02:00,3.91,-17.0,51.05,37.959999999999994
2026-10-06 13:30:00+02:00,5.23,-16.1,51.55,40.67999999999999
2026-10-06 13:31:00+02:00,-10.39,-23.9,44.31,10.020000000000003
2026-10-06 13:32:00+02:00,-7.69,-25.8,52.04,18.549999999999997
2026-10-06 13:33:00+02:00,7.34,-20.0,48.09,35.43000000000001
2026-10-06 13:34:00+02:00,3.59,-25.1,46.84,25.330000000000002
2026-10-06 13:35:00+02:00,0.46,-28.0,50.76,23.22
2026-10-06 13:36:00+02:00,0.99,-28.9,51.99,24.080000000000002
2026-10-06 13:37:00+02:00,-5.97,-25.4,50.93,19.560000000000002
2026-10-06 13:38:00+02:00,15.4,-16.2,46.1,45.300000000000004
2026-10-06 13:39:00+02:00,12.77,-10.4,35.83,38.199999999999996
2026-10-06 13:40:00+02:00,15.58,-3.1,33.71,46.19
2026-10-06 13:41:00+02:00,-6.44,-1.5,27.71,19.77
2026-10-06 13:42:00+02:00,3.57,-3.4,27.41,27.58
2026-10-06 13:43:00+02:00,-4.07,-7.9,31.89,19.92
2026-10-06 13:44:00+02:00,-1.5,-5.4,33.15,26.25
2026-10-06 13:45:00+02:00,-0.94,-6.0,28.77,21.83
2026-10-06 13:46:00+02:00,9.62,-10.8,28.42,27.240000000000002
2026-10-06 13:47:00+02:00,1.63,-5.5,25.56,21.689999999999998
2026-10-06 13:48:00+02:00,-12.45,-13.0,28.32,2.870000000000001
2026-10-06 13:49:00+02:00,-13.93,-17.4,35.51,4.18
2026-10-06 13:50:00+02:00,-0.26,-10.4,33.57,22.91
2026-10-06 13:51:00+02:00,-3.22,-10.5,27.73,14.01
2026-10-06 13:52:00+02:00,-1.4,-11.1,30.74,18.24
2026-10-06 13:53:00+02:00,-5.26,-13.7,33.11,14.149999999999999
2026-10-06 13:54:00+02:00,-6.48,-16.7,37.46,14.280000000000001
2026-10-06 13:55:00+02:00,-4.77,-17.5,40.02,17.750000000000004
2026-10-06 13:56:00+02:00,2.35,-16.1,36.74,22.990000000000002
2026-10-06 13:57:00+02:00,0.23,-18.3,33.37,15.299999999999997
2026-10-06 13:58:00+02:00,0.39,-18.6,35.09,16.880000000000003
2026-10-06 13:59:00+02:00,3.27,-17.4,34.65,20.52
2026-10-06 14:00:00+02:00,0.46,-18.4,31.07,13.130000000000003
2026-10-06 14:01:00+02:00,1.04,-18.4,32.51,15.149999999999999
2026-10-06 14:02:00+02:00,-1.44,-18.7,36.84,16.700000000000003
2026-10-06 14:03:00+02:00,-0.49,-19.9,35.94,15.55
2026-10-06 14:04:00+02:00,-2.24,-21.9,36.56,12.420000000000002
2026-10-06 14:05:00+02:00,-3.28,-23.4,38.61,11.93
2026-10-06 14:06:00+02:00,-3.93,-23.3,36.82,9.59
2026-10-06 14:07:00+02:00,5.81,-21.1,37.46,22.169999999999998
2026-10-06 14:08:00+02:00,-1.62,-24.2,35.34,9.520000000000003
2026-10-06 14:09:00+02:00,-1.4,-24.6,37.0,11.0
2026-10-06 14:10:00+02:00,0.35,-26.7,37.66,11.309999999999999
2026-10-06 14:11:00+02:00,1.34,-26.3,39.23,14.269999999999996
2026-10-06 14:12:00+02:00,0.79,-29.1,40.8,12.489999999999995
2026-10-06 14:13:00+02:00,-7.39,-31.3,44.53,5.840000000000003
2026-10-06 14:14:00+02:00,-6.65,-33.0,47.57,7.920000000000002
2026-10-06 14:15:00+02:00,-6.79,-36.0,48.39,5.600000000000001
2026-10-06 14:16:00+02:00,-3.35,-36.7,53.17,13.119999999999997
2026-10-06 14:17:00+02:00,1.15,-38.4,50.77,13.520000000000003
2026-10-06 14:18:00+02:00,5.25,-38.1,49.71,16.86
2026-10-06 14:19:00+02:00,5.48,-38.3,48.56,15.740000000000009
2026-10-06 14:20:00+02:00,-0.88,-40.1,48.91,7.929999999999993
2026-10-06 14:21:00+02:00,2.95,-39.4,50.18,13.730000000000004
2026-10-06 14:22:00+02:00,11.45,-30.3,48.01,29.159999999999997
2026-10-06 14:23:00+02:00,12.49,-30.3,44.5,26.689999999999998
2026-10-06 14:24:00+02:00,9.27,-27.2,46.03,28.1
2026-10-06 14:25:00+02:00,-11.37,-31.2,46.2,3.6300000000000026
2026-10-06 14:26:00+02:00,0.48,-33.6,46.19,13.069999999999993
2026-10-06 14:27:00+02:00,-2.78,-32.6,45.09,9.71
2026-10-06 14:28:00+02:00,-1.73,-33.4,43.76,8.630000000000003
2026-10-06 14:29:00+02:00,-0.92,-32.6,42.43,8.909999999999997
2026-10-06 14:30:00+02:00,3.31,-31.9,42.38,13.790000000000003
2026-10-06 14:31:00+02:00,-5.78,-32.2,39.09,1.1099999999999994
2026-10-06 14:32:00+02:00,5.92,-30.6,42.45,17.770000000000003
2026-10-06 14:33:00+02:00,2.05,-30.5,38.65,10.2
2026-10-06 14:34:00+02:00,1.7,-33.3,41.73,10.129999999999999
2026-10-06 14:35:00+02:00,-11.42,-38.7,48.18,-1.9400000000000048
2026-10-06 14:36:00+02:00,-8.93,-39.7,55.69,7.059999999999995
2026-10-06 14:37:00+02:00,-4.94,-42.1,58.69,11.649999999999999
2026-10-06 14:38:00+02:00,4.75,-40.5,58.83,23.08
2026-10-06 14:39:00+02:00,10.53,-35.1,49.8,25.229999999999997
2026-10-06 14:40:00+02:00,12.67,-30.5,40.49,22.660000000000004
2026-10-06 14:41:00+02:00,20.73,-24.6,33.26,29.389999999999997
2026-10-06 14:42:00+02:00,11.72,-16.5,28.64,23.86
2026-10-06 14:43:00+02:00,2.39,-18.0,31.08,15.469999999999999
2026-10-06 14:44:00+02:00,-6.62,-21.6,38.75,10.529999999999998
2026-10-06 14:45:00+02:00,-7.07,-26.0,48.62,15.549999999999997
2026-10-06 14:46:00+02:00,5.91,-24.3,55.25,36.86
2026-10-06 14:47:00+02:00,4.1,-24.8,55.98,35.279999999999994
2026-10-06 14:48:00+02:00,15.81,-18.2,55.89,53.5
2026-10-06 14:49:00+02:00,2.47,-23.8,51.74,30.41
2026-10-06 14:50:00+02:00,12.85,-21.7,56.27,47.42
2026-10-06 14:51:00+02:00,-0.46,-20.5,49.92,28.96
2026-10-06 14:52:00+02:00,9.58,-19.8,50.8,40.58
2026-10-06 14:53:00+02:00,-0.69,-9.3,43.52,33.53
2026-10-06 14:54:00+02:00,-4.75,-17.3,46.34,24.290000000000003
2026-10-06 14:55:00+02:00,-2.13,-20.3,56.31,33.88
2026-10-06 14:56:00+02:00,-0.39,-19.1,55.55,36.059999999999995
2026-10-06 14:57:00+02:00,-3.6,-19.0,54.57,31.97
2026-10-06 14:58:00+02:00,-2.03,-22.2,52.59,28.360000000000003
2026-10-06 14:59:00+02:00,-0.82,-19.7,49.12,28.599999999999998
2026-10-06 15:00:00+02:00,10.02,-12.4,45.66,43.279999999999994
2026-10-06 15:01:00+02:00,8.36,-12.9,37.95,33.410000000000004
2026-10-06 15:02:00+02:00,7.76,-8.8,35.69,34.65
2026-10-06 15:03:00+02:00,13.62,2.4,27.65,43.67
2026-10-06 15:04:00+02:00,-5.52,-8.3,16.71,2.8900000000000006
2026-10-06 15:05:00+02:00,1.48,-6.9,19.45,14.03
2026-10-06 15:06:00+02:00,4.84,-4.6,20.97,21.21
2026-10-06 15:07:00+02:00,-5.54,-8.8,19.74,5.399999999999999
2026-10-06 15:08:00+02:00,-0.11,-7.3,26.88,19.47
2026-10-06 15:09:00+02:00,-2.0,-9.7,22.05,10.350000000000001
2026-10-06 15:10:00+02:00,-0.13,-11.1,16.56,5.329999999999998
2026-10-06 15:11:00+02:00,3.08,-9.0,14.1,8.18
2026-10-06 15:12:00+02:00,2.72,-6.8,10.77,6.6899999999999995
2026-10-06 15:13:00+02:00,1.44,-6.8,10.88,5.520000000000001
2026-10-06 15:14:00+02:00,-5.68,-8.3,13.03,-0.9500000000000011
2026-10-06 15:15:00+02:00,-13.88,-17.7,19.4,-12.18
2026-10-06 15:16:00+02:00,-14.68,-23.2,26.96,-10.919999999999995
2026-10-06 15:17:00+02:00,-8.37,-25.9,35.42,1.1500000000000057
2026-10-06 15:18:00+02:00,0.57,-28.2,42.78,15.150000000000002
2026-10-06 15:19:00+02:00,-8.09,-35.7,42.9,-0.8900000000000077
2026-10-06 15:20:00+02:00,-4.23,-37.6,49.76,7.93
2026-10-06 15:21:00+02:00,-0.58,-38.8,48.77,9.390000000000008
2026-10-06 15:22:00+02:00,-1.91,-37.6,46.25,6.740000000000002
2026-10-06 15:23:00+02:00,2.18,-39.4,46.0,8.780000000000001
2026-10-06 15:24:00+02:00,6.05,-34.3,41.17,12.920000000000005
2026-10-06 15:25:00+02:00,-2.84,-37.5,36.03,-4.310000000000002
2026-10-06 15:26:00+02:00,13.33,-27.9,41.37,26.799999999999997
2026-10-06 15:27:00+02:00,13.52,-21.5,24.1,16.12
2026-10-06 15:28:00+02:00,12.93,-17.3,17.63,13.259999999999998
2026-10-06 15:29:00+02:00,7.31,-14.0,14.08,7.39
2026-10-06 15:30:00+02:00,4.25,-12.7,12.59,4.140000000000001
2026-10-06 15:31:00+02:00,2.82,-11.1,14.95,6.67
2026-10-06 15:32:00+02:00,-1.29,-14.5,16.52,0.7300000000000004
2026-10-06 15:33:00+02:00,-4.11,-20.3,26.98,2.5700000000000003
2026-10-06 15:34:00+02:00,-3.03,-20.3,32.86,9.529999999999998
2026-10-06 15:35:00+02:00,4.47,-17.2,25.12,12.39
2026-10-06 15:36:00+02:00,7.54,-13.8,19.75,13.489999999999998
2026-10-06 15:37:00+02:00,8.3,-11.0,14.68,11.98
2026-10-06 15:38:00+02:00,1.05,-11.3,12.96,2.710000000000001
2026-10-06 15:39:00+02:00,0.46,-10.9,15.08,4.640000000000001
2026-10-06 15:40:00+02:00,6.67,-8.2,15.59,14.06
2026-10-06 15:41:00+02:00,3.6,-8.9,11.47,6.17
2026-10-06 15:42:00+02:00,-4.38,-13.3,11.73,-5.949999999999999
2026-10-06 15:43:00+02:00,4.05,-16.2,21.56,9.41
2026-10-06 15:44:00+02:00,-9.05,-17.6,19.72,-6.930000000000003
2026-10-06 15:45:00+02:00,-9.7,-23.8,28.19,-5.309999999999999
2026-10-06 15:46:00+02:00,-6.57,-26.2,37.65,4.880000000000003
2026-10-06 15:47:00+02:00,1.81,-25.0,37.58,14.389999999999997
2026-10-06 15:48:00+02:00,10.16,-26.4,34.77,18.530000000000005
2026-10-06 15:49:00+02:00,5.68,-21.2,36.1,20.580000000000002
2026-10-06 15:50:00+02:00,2.91,-22.7,35.88,16.090000000000003
2026-10-06 15:51:00+02:00,2.86,-20.8,37.97,20.029999999999998
2026-10-06 15:52:00+02:00,-3.45,-27.1,37.45,6.900000000000002
2026-10-06 15:53:00+02:00,-3.67,-28.1,37.71,5.939999999999998
2026-10-06 15:54:00+02:00,-2.43,-30.8,38.19,4.959999999999994
2026-10-06 15:55:00+02:00,-1.92,-32.0,38.37,4.449999999999996
2026-10-06 15:56:00+02:00,-0.88,-30.7,38.66,7.079999999999998
2026-10-06 15:57:00+02:00,6.71,-26.8,37.51,17.419999999999998
2026-10-06 15:58:00+02:00,18.42,-21.8,33.61,30.23
2026-10-06 15:59:00+02:00,2.14,-21.8,22.88,3.219999999999999
2026-10-06 16:00:00+02:00,-0.69,-24.0,24.41,-0.28000000000000114
2026-10-06 16:01:00+02:00,0.61,-26.2,29.98,4.390000000000001
2026-10-06 16:02:00+02:00,5.99,-22.7,31.12,14.41
2026-10-06 16:03:00+02:00,5.85,-22.4,22.28,5.730000000000004
2026-10-06 16:04:00+02:00,11.45,-15.4,21.47,17.519999999999996
2026-10-06 16:05:00+02:00,5.41,-14.5,14.87,5.779999999999999
2026-10-06 16:06:00+02:00,5.66,-12.5,12.07,5.23
2026-10-06 16:07:00+02:00,5.99,-9.1,10.5,7.390000000000001
2026-10-06 16:08:00+02:00,4.82,-7.9,8.42,5.34
2026-10-06 16:09:00+02:00,3.76,-6.0,7.64,5.3999999999999995
2026-10-06 16:10:00+02:00,3.46,-6.7,7.63,4.39
2026-10-06 16:11:00+02:00,2.25,-6.1,7.57,3.7200000000000006
2026-10-06 16:12:00+02:00,2.49,-6.3,7.49,3.6800000000000006
2026-10-06 16:13:00+02:00,2.49,-5.1,7.47,4.86
2026-10-06 16:14:00+02:00,2.48,-3.9,7.14,5.72
2026-10-06 16:15:00+02:00,2.01,-5.7,7.02,3.329999999999999
2026-10-06 16:16:00+02:00,1.89,-4.5,7.2,4.59
2026-10-06 16:17:00+02:00,1.71,-5.2,7.32,3.83
2026-10-06 16:18:00+02:00,1.75,-4.2,7.43,4.9799999999999995
2026-10-06 16:19:00+02:00,0.9,-4.6,7.59,3.89
2026-10-06 16:20:00+02:00,1.33,-5.0,8.6,4.93
2026-10-06 16:21:00+02:00,-1.04,-5.7,9.55,2.8100000000000005
2026-10-06 16:22:00+02:00,-1.28,-5.4,10.63,3.95
2026-10-06 16:23:00+02:00,0.67,-5.3,9.92,5.29
2026-10-06 16:24:00+02:00,0.27,-5.7,9.8,4.370000000000001
2026-10-06 16:25:00+02:00,0.9,-5.7,9.18,4.38
2026-10-06 16:26:00+02:00,1.71,-6.5,9.34,4.55
2026-10-06 16:27:00+02:00,1.47,-5.9,8.75,4.319999999999999
2026-10-06 16:28:00+02:00,1.59,-5.7,8.49,4.38
2026-10-06 16:29:00+02:00,1.84,-5.7,8.49,4.63
2026-10-06 16:30:00+02:00,1.66,-5.6,8.39,4.450000000000001
2026-10-06 16:31:00+02:00,13.1,-5.3,8.27,16.07
2026-10-06 16:32:00+02:00,8.21,2.4,8.1,18.71
2026-10-06 16:33:00+02:00,6.24,3.8,7.86,17.9
2026-10-06 16:34:00+02:00,4.77,2.1,7.7,14.57
2026-10-06 16:35:00+02:00,-3.25,0.2,7.61,4.5600000000000005
2026-10-06 16:36:00+02:00,-2.71,-1.1,7.55,3.7399999999999998
2026-10-06 16:37:00+02:00,-1.82,-1.0,7.63,4.81
2026-10-06 16:38:00+02:00,-1.2,-1.8,7.73,4.73
2026-10-06 16:39:00+02:00,-0.83,-2.1,7.76,4.83
2026-10-06 16:40:00+02:00,-0.39,-2.6,7.73,4.74
2026-10-06 16:41:00+02:00,-0.48,-2.8,7.69,4.41
2026-10-06 16:42:00+02:00,-0.3,-2.3,7.65,5.050000000000001
2026-10-06 16:43:00+02:00,-0.11,-3.5,7.63,4.02
2026-10-06 16:44:00+02:00,0.22,-2.5,7.58,5.300000000000001
2026-10-06 16:45:00+02:00,-0.08,-3.1,7.51,4.33
2026-10-06 16:46:00+02:00,0.24,-2.6,7.44,5.08
2026-10-06 16:47:00+02:00,0.14,-3.0,7.3,4.4399999999999995
2026-10-06 16:48:00+02:00,0.26,-3.0,7.17,4.43
2026-10-06 16:49:00+02:00,0.7,-2.6,7.17,5.27
2026-10-06 16:50:00+02:00,0.75,-1.8,7.13,6.08
2026-10-06 16:51:00+02:00,0.35,-2.9,7.09,4.54
2026-10-06 16:52:00+02:00,0.47,-3.2,6.99,4.26
2026-10-06 16:53:00+02:00,0.39,-2.5,6.99,4.880000000000001
2026-10-06 16:54:00+02:00,1.39,-2.7,6.93,5.619999999999999
2026-10-06 16:55:00+02:00,0.68,-2.5,6.83,5.01
2026-10-06 16:56:00+02:00,0.96,-2.2,6.59,5.35
2026-10-06 16:57:00+02:00,0.98,-3.5,6.59,4.07
2026-10-06 16:58:00+02:00,1.15,-3.7,6.41,3.86
2026-10-06 16:59:00+02:00,1.38,-2.9,6.23,4.710000000000001
2026-10-06 17:00:00+02:00,1.64,-3.0,6.06,4.699999999999999
2026-10-06 17:01:00+02:00,1.43,-3.8,5.84,3.4699999999999998
2026-10-06 17:02:00+02:00,1.61,-2.9,5.78,4.49
2026-10-06 17:03:00+02:00,1.85,-3.4,5.78,4.23
2026-10-06 17:04:00+02:00,1.79,-4.2,5.77,3.3599999999999994
2026-10-06 17:05:00+02:00,2.86,-2.1,5.76,6.52
2026-10-06 17:06:00+02:00,1.65,-2.6,5.74,4.79
2026-10-06 17:07:00+02:00,1.81,-2.4,5.7,5.11
2026-10-06 17:08:00+02:00,1.67,-3.2,5.59,4.06
2026-10-06 17:09:00+02:00,2.06,-2.8,5.49,4.75
2026-10-06 17:10:00+02:00,2.75,-1.5,5.39,6.64
2026-10-06 17:11:00+02:00,2.08,-1.9,5.29,5.470000000000001
2026-10-06 17:12:00+02:00,2.15,-2.2,5.23,5.18
2026-10-06 17:13:00+02:00,1.98,-2.1,5.23,5.11
2026-10-06 17:14:00+02:00,12.94,4.9,5.28,23.12
2026-10-06 17:15:00+02:00,7.93,5.9,5.35,19.18
2026-10-06 17:16:00+02:00,6.42,6.7,5.45,18.57
2026-10-06 17:17:00+02:00,-4.36,4.5,5.53,5.67
2026-10-06 17:18:00+02:00,-3.2,2.5,5.59,4.89
2026-10-06 17:19:00+02:00,-2.09,1.6,5.65,5.16
2026-10-06 17:20:00+02:00,-1.36,0.6,5.69,4.930000000000001
2026-10-06 17:21:00+02:00,-0.78,0.1,5.69,5.010000000000001
2026-10-06 17:22:00+02:00,-0.88,1.2,5.69,6.010000000000001
2026-10-06 17:23:00+02:00,-0.46,-0.6,5.67,4.609999999999999
2026-10-06 17:24:00+02:00,-0.48,0.0,5.66,5.18
2026-10-06 17:25:00+02:00,-0.26,0.0,5.66,5.4
2026-10-06 17:26:00+02:00,-0.12,-0.1,5.63,5.41
2026-10-06 17:27:00+02:00,-0.24,0.0,5.61,5.37
2026-10-06 17:28:00+02:00,0.29,0.1,5.55,5.9399999999999995
2026-10-06 17:29:00+02:00,0.17,-1.8,5.55,3.92
2026-10-06 17:30:00+02:00,-0.04,-0.9,5.51,4.569999999999999
2026-10-06 17:31:00+02:00,0.02,-0.8,5.46,4.68
2026-10-06 17:32:00+02:00,-0.02,-0.6,5.41,4.79
2026-10-06 17:33:00+02:00,0.09,-0.9,5.41,4.6
2026-10-06 17:34:00+02:00,-0.17,0.0,5.3,5.13
2026-10-06 17:35:00+02:00,0.24,-0.9,5.15,4.49
2026-10-06 17:36:00+02:00,0.7,-0.1,5.15,5.75
2026-10-06 17:37:00+02:00,0.35,-0.4,4.97,4.92
2026-10-06 17:38:00+02:00,0.74,0.8,4.82,6.36
2026-10-06 17:39:00+02:00,0.74,-0.9,4.72,4.56
2026-10-06 17:40:00+02:00,2.41,0.4,4.57,7.380000000000001
2026-10-06 17:41:00+02:00,7.62,3.9,4.43,15.95
2026-10-06 17:42:00+02:00,6.35,5.6,4.43,16.38
2026-10-06 17:43:00+02:00,4.98,7.6,4.15,16.73
2026-10-06 17:44:00+02:00,5.83,8.2,4.16,18.189999999999998
2026-10-06 17:45:00+02:00,5.03,10.9,3.89,19.82
2026-10-06 17:46:00+02:00,13.05,16.7,3.94,33.69
2026-10-06 17:47:00+02:00,8.13,18.4,3.58,30.11
2026-10-06 17:48:00+02:00,5.26,19.1,3.44,27.8
2026-10-06 17:49:00+02:00,4.38,19.9,3.33,27.61
2026-10-06 17:50:00+02:00,4.7,22.3,3.22,30.22
2026-10-06 17:51:00+02:00,3.32,22.1,3.1,28.520000000000003
2026-10-06 17:52:00+02:00,2.69,23.2,3.01,28.9
2026-10-06 17:53:00+02:00,2.36,23.9,2.99,29.25
2026-10-06 17:54:00+02:00,2.1,22.6,3.17,27.870000000000005
2026-10-06 17:55:00+02:00,2.38,23.4,3.46,29.24
2026-10-06 17:56:00+02:00,9.06,26.0,3.57,38.63
2026-10-06 17:57:00+02:00,7.74,30.9,3.48,42.12
2026-10-06 17:58:00+02:00,6.46,32.8,3.34,42.599999999999994
2026-10-06 17:59:00+02:00,6.04,34.1,3.23,43.37
2026-10-06 18:00:00+02:00,-3.59,29.7,3.02,29.13
2026-10-06 18:01:00+02:00,-1.98,29.0,3.02,30.04
2026-10-06 18:02:00+02:00,-1.5,28.7,2.57,29.77
2026-10-06 18:03:00+02:00,-15.21,17.1,2.45,4.340000000000001
2026-10-06 18:04:00+02:00,-10.66,12.0,2.33,3.67
2026-10-06 18:05:00+02:00,-6.47,9.8,2.2,5.530000000000001
2026-10-06 18:06:00+02:00,-3.11,7.0,2.09,5.98
2026-10-06 18:07:00+02:00,-2.22,5.4,1.99,5.17
2026-10-06 18:08:00+02:00,-1.94,3.7,1.88,3.64
2026-10-06 18:09:00+02:00,-0.96,5.0,1.75,5.79
2026-10-06 18:10:00+02:00,0.35,3.3,1.64,5.29
2026-10-06 18:11:00+02:00,-0.48,2.9,1.51,3.9299999999999997
2026-10-06 18:12:00+02:00,-0.46,3.2,1.4,4.140000000000001
2026-10-06 18:13:00+02:00,-0.92,3.8,1.29,4.17
2026-10-06 18:14:00+02:00,0.16,2.8,1.21,4.17
2026-10-06 18:15:00+02:00,0.27,3.1,1.14,4.51
2026-10-06 18:16:00+02:00,0.4,3.0,1.07,4.47
2026-10-06 18:17:00+02:00,1.21,3.4,0.99,5.6
2026-10-06 18:18:00+02:00,0.49,4.6,0.87,5.96
2026-10-06 18:19:00+02:00,0.37,4.1,0.81,5.279999999999999
2026-10-06 18:20:00+02:00,0.62,2.6,0.7,3.92
2026-10-06 18:21:00+02:00,0.63,3.5,,
2026-10-06 18:22:00+02:00,0.86,3.5,0.59,4.95
2026-10-06 18:23:00+02:00,0.77,3.0,0.48,4.25
2026-10-06 18:24:00+02:00,1.25,3.2,0.41,4.86
2026-10-06 18:25:00+02:00,0.93,3.2,0.31,4.4399999999999995
2026-10-06 18:26:00+02:00,1.92,3.2,0.22,5.34
2026-10-06 18:27:00+02:00,1.44,3.2,0.15,4.790000000000001
2026-10-06 18:28:00+02:00,1.31,3.9,0.08,5.29
2026-10-06 18:29:00+02:00,1.33,3.4,0.0,4.73
2026-10-06 18:30:00+02:00,1.61,3.7,0.0,5.3100000000000005
2026-10-06 18:31:00+02:00,1.65,3.3,0.0,4.949999999999999
2026-10-06 18:32:00+02:00,2.4,2.7,0.0,5.1
2026-10-06 18:33:00+02:00,1.86,3.5,0.0,5.36
2026-10-06 18:34:00+02:00,1.82,3.0,0.0,4.82
2026-10-06 18:35:00+02:00,2.63,3.8,0.0,6.43
2026-10-06 18:36:00+02:00,2.13,3.3,0.0,5.43
2026-10-06 18:37:00+02:00,3.16,3.2,0.0,6.36
2026-10-06 18:38:00+02:00,1.75,3.0,0.0,4.75
2026-10-06 18:39:00+02:00,7.67,9.5,0.0,17.17
2026-10-06 18:40:00+02:00,6.38,12.3,0.0,18.68
2026-10-06 18:41:00+02:00,5.24,13.2,0.0,18.439999999999998
2026-10-06 18:42:00+02:00,-2.82,8.7,0.0,5.879999999999999
2026-10-06 18:43:00+02:00,-2.5,7.2,0.0,4.7
2026-10-06 18:44:00+02:00,-2.29,6.9,0.0,4.61
2026-10-06 18:45:00+02:00,-1.31,6.7,0.0,5.390000000000001
2026-10-06 18:46:00+02:00,-0.58,6.2,0.0,5.62
2026-10-06 18:47:00+02:00,-0.56,6.0,0.0,5.4399999999999995
2026-10-06 18:48:00+02:00,0.1,5.8,0.0,5.8999999999999995
2026-10-06 18:49:00+02:00,-0.06,4.5,0.0,4.44
2026-10-06 18:50:00+02:00,-0.02,5.4,0.0,5.380000000000001
2026-10-06 18:51:00+02:00,-0.05,5.7,0.0,5.65
2026-10-06 18:52:00+02:00,-0.2,5.4,0.0,5.2
2026-10-06 18:53:00+02:00,-0.19,5.4,0.0,5.21
2026-10-06 18:54:00+02:00,-0.12,4.8,0.0,4.68
2026-10-06 18:55:00+02:00,0.14,5.3,0.0,5.4399999999999995
2026-10-06 18:56:00+02:00,0.0,,0.0,
2026-10-06 18:57:00+02:00,0.11,5.4,0.0,5.510000000000001
2026-10-06 18:58:00+02:00,0.14,5.2,0.0,5.34
2026-10-06 18:59:00+02:00,-0.1,5.0,0.0,4.9
2026-10-06 19:00:00+02:00,-0.02,4.8,0.0,4.78
2026-10-06 19:01:00+02:00,0.0,4.9,0.0,4.9
2026-10-06 19:02:00+02:00,-0.36,5.4,0.0,5.04
2026-10-06 19:03:00+02:00,1.22,4.4,0.0,5.62
2026-10-06 19:04:00+02:00,0.2,4.7,0.0,4.9
2026-10-06 19:05:00+02:00,0.29,4.9,0.0,5.19
2026-10-06 19:06:00+02:00,0.34,4.8,0.0,5.14
2026-10-06 19:07:00+02:00,-0.07,4.5,0.0,4.43
2026-10-06 19:08:00+02:00,-0.13,5.1,0.0,4.97
2026-10-06 19:09:00+02:00,-0.21,4.9,0.0,4.69
2026-10-06 19:10:00+02:00,0.7,5.0,0.0,5.7
2026-10-06 19:11:00+02:00,0.11,4.9,0.0,5.010000000000001
2026-10-06 19:12:00+02:00,0.11,4.9,0.0,5.010000000000001
2026-10-06 19:13:00+02:00,0.14,4.9,0.0,5.04
2026-10-06 19:14:00+02:00,0.18,4.9,0.0,5.08
2026-10-06 19:15:00+02:00,1.66,4.8,0.0,6.46
2026-10-06 19:16:00+02:00,-0.01,4.9,0.0,4.890000000000001
2026-10-06 19:17:00+02:00,-0.15,4.8,0.0,4.6499999999999995
2026-10-06 19:18:00+02:00,0.2,4.9,0.0,5.1000000000000005
2026-10-06 19:19:00+02:00,0.03,4.7,0.0,4.73
2026-10-06 19:20:00+02:00,7.96,4.5,0.0,12.46
2026-10-06 19:21:00+02:00,7.86,9.2,0.0,17.06
2026-10-06 19:22:00+02:00,5.08,11.4,0.0,16.48
2026-10-06 19:23:00+02:00,-7.5,13.2,0.0,5.699999999999999
2026-10-06 19:24:00+02:00,-3.72,8.6,0.0,4.879999999999999
2026-10-06 19:25:00+02:00,-1.29,8.3,0.0,7.010000000000001
2026-10-06 19:26:00+02:00,-1.5,7.0,0.0,5.5
2026-10-06 19:27:00+02:00,-0.83,6.8,0.0,5.97
2026-10-06 19:28:00+02:00,-0.88,6.2,0.0,5.32
2026-10-06 19:29:00+02:00,-0.23,6.2,0.0,5.97
2026-10-06 19:30:00+02:00,-0.21,5.8,0.0,5.59
2026-10-06 19:31:00+02:00,-0.07,5.9,0.0,5.83
2026-10-06 19:32:00+02:00,-0.19,5.8,0.0,5.609999999999999
2026-10-06 19:33:00+02:00,-0.05,5.6,0.0,5.55
2026-10-06 19:34:00+02:00,-0.24,5.8,0.0,5.56
2026-10-06 19:35:00+02:00,-0.01,5.8,0.0,5.79
2026-10-06 19:36:00+02:00,-0.08,5.6,0.0,5.52
2026-10-06 19:37:00+02:00,-0.13,5.4,0.0,5.2700000000000005
2026-10-06 19:38:00+02:00,0.17,5.6,0.0,5.77
2026-10-06 19:39:00+02:00,0.25,5.5,0.0,5.75
2026-10-06 19:40:00+02:00,0.16,5.4,0.0,5.5600000000000005
2026-10-06 19:41:00+02:00,0.25,5.4,0.0,5.65
2026-10-06 19:42:00+02:00,0.24,5.4,0.0,5.640000000000001
2026-10-06 19:43:00+02:00,-0.04,5.4,0.0,5.36
2026-10-06 19:44:00+02:00,0.01,5.4,0.0,5.41
2026-10-06 19:45:00+02:00,-0.13,5.5,0.0,5.37
2026-10-06 19:46:00+02:00,-0.06,5.5,0.0,5.44
2026-10-06 19:47:00+02:00,0.18,5.4,0.0,5.58
2026-10-06 19:48:00+02:00,0.22,5.5,0.0,5.72
2026-10-06 19:49:00+02:00,0.37,5.4,0.0,5.7700000000000005
2026-10-06 19:50:00+02:00,-0.06,5.4,0.0,5.340000000000001
2026-10-06 19:51:00+02:00,-0.08,5.5,0.0,5.42
2026-10-06 19:52:00+02:00,0.09,5.5,0.0,5.59
2026-10-06 19:53:00+02:00,0.01,5.4,0.0,5.41
2026-10-06 19:54:00+02:00,0.09,5.3,0.0,5.39
2026-10-06 19:55:00+02:00,0.12,5.4,0.0,5.5200000000000005
2026-10-06 19:56:00+02:00,0.09,5.5,0.0,5.59
2026-10-06 19:57:00+02:00,0.07,5.3,0.0,5.37
2026-10-06 19:58:00+02:00,0.12,5.4,0.0,5.5200000000000005
2026-10-06 19:59:00+02:00,-0.01,5.4,0.0,5.390000000000001
2026-10-06 20:00:00+02:00,-0.06,5.3,0.0,5.24
2026-10-06 20:01:00+02:00,11.04,5.3,0.0,16.34
2026-10-06 20:02:00+02:00,6.96,10.7,0.0,17.66
2026-10-06 20:03:00+02:00,5.75,11.8,0.0,17.55
2026-10-06 20:04:00+02:00,4.59,12.9,0.0,17.490000000000002
2026-10-06 20:05:00+02:00,-4.28,9.7,0.0,5.419999999999999
2026-10-06 20:06:00+02:00,-2.91,9.1,0.0,6.1899999999999995
2026-10-06 20:07:00+02:00,-1.75,7.5,0.0,5.75
2026-10-06 20:08:00+02:00,-0.97,6.8,0.0,5.83
2026-10-06 20:09:00+02:00,1.38,6.2,0.0,7.58
2026-10-06 20:10:00+02:00,-0.31,6.1,0.0,5.79
2026-10-06 20:11:00+02:00,-0.34,5.7,0.0,5.36
2026-10-06 20:12:00+02:00,-0.36,5.6,0.0,5.239999999999999
2026-10-06 20:13:00+02:00,-0.12,5.5,0.0,5.38
2026-10-06 20:14:00+02:00,-0.18,5.6,0.0,5.42
2026-10-06 20:15:00+02:00,0.24,5.6,0.0,5.84
2026-10-06 20:16:00+02:00,0.26,5.4,0.0,5.66
2026-10-06 20:17:00+02:00,0.33,5.5,0.0,5.83
2026-10-06 20:18:00+02:00,0.03,5.6,0.0,5.63
2026-10-06 20:19:00+02:00,0.02,5.4,0.0,5.42
2026-10-06 20:20:00+02:00,-0.05,5.4,0.0,5.3500000000000005
2026-10-06 20:21:00+02:00,-0.14,5.3,0.0,5.16
2026-10-06 20:22:00+02:00,-0.1,5.4,0.0,5.300000000000001
2026-10-06 20:23:00+02:00,-0.13,5.3,0.0,5.17
2026-10-06 20:24:00+02:00,0.07,5.3,0.0,5.37
2026-10-06 20:25:00+02:00,-0.21,5.3,0.0,5.09
2026-10-06 20:26:00+02:00,-0.23,4.7,0.0,4.47
2026-10-06 20:27:00+02:00,-0.12,5.1,0.0,4.9799999999999995
2026-10-06 20:28:00+02:00,0.94,4.9,0.0,5.84
2026-10-06 20:29:00+02:00,-0.04,4.9,0.0,4.86
2026-10-06 20:30:00+02:00,-0.1,4.9,0.0,4.800000000000001
2026-10-06 20:31:00+02:00,-0.14,4.9,0.0,4.760000000000001
2026-10-06 20:32:00+02:00,0.01,4.8,0.0,4.81
2026-10-06 20:33:00+02:00,0.18,4.9,0.0,5.08
2026-10-06 20:34:00+02:00,0.52,4.9,0.0,5.42
2026-10-06 20:35:00+02:00,0.28,4.9,0.0,5.180000000000001
2026-10-06 20:36:00+02:00,0.22,4.8,0.0,5.02
2026-10-06 20:37:00+02:00,0.02,4.9,0.0,4.92
2026-10-06 20:38:00+02:00,0.01,5.0,0.0,5.01
2026-10-06 20:39:00+02:00,0.21,4.9,0.0,5.11
2026-10-06 20:40:00+02:00,1.39,4.9,0.0,6.29
2026-10-06 20:41:00+02:00,5.68,4.9,0.0,10.58
2026-10-06 20:42:00+02:00,15.87,9.8,0.0,25.67
2026-10-06 20:43:00+02:00,9.5,17.7,0.0,27.2
2026-10-06 20:44:00+02:00,7.13,19.7,0.0,26.83
2026-10-06 20:45:00+02:00,5.46,22.2,0.0,27.66
2026-10-06 20:46:00+02:00,-2.13,22.8,0.0,20.67
2026-10-06 20:47:00+02:00,-1.78,18.7,0.0,16.919999999999998
2026-10-06 20:48:00+02:00,-0.75,17.2,0.0,16.45
2026-10-06 20:49:00+02:00,-0.56,16.6,0.0,16.040000000000003
2026-10-06 20:50:00+02:00,-0.03,16.5,0.0,16.47
2026-10-06 20:51:00+02:00,0.11,16.3,0.0,16.41
2026-10-06 20:52:00+02:00,-0.18,16.0,0.0,15.82
2026-10-06 20:53:00+02:00,-0.09,16.3,0.0,16.21
2026-10-06 20:54:00+02:00,0.26,16.1,0.0,16.360000000000003
2026-10-06 20:55:00+02:00,-0.03,16.0,0.0,15.97
2026-10-06 20:56:00+02:00,0.5,15.6,0.0,16.1
2026-10-06 20:57:00+02:00,0.22,15.9,0.0,16.12
2026-10-06 20:58:00+02:00,0.13,16.0,0.0,16.13
2026-10-06 20:59:00+02:00,0.29,15.5,0.0,15.79
2026-10-06 21:00:00+02:00,0.12,16.0,0.0,16.12
2026-10-06 21:01:00+02:00,-0.12,15.6,0.0,15.48
2026-10-06 21:02:00+02:00,0.74,15.8,0.0,16.54
2026-10-06 21:03:00+02:00,0.57,15.7,0.0,16.27
2026-10-06 21:04:00+02:00,0.67,16.3,0.0,16.970000000000002
2026-10-06 21:05:00+02:00,0.09,15.1,0.0,15.19
2026-10-06 21:06:00+02:00,0.69,16.3,0.0,16.990000000000002
2026-10-06 21:07:00+02:00,0.67,15.9,0.0,16.57
2026-10-06 21:08:00+02:00,0.65,15.3,0.0,15.950000000000001
2026-10-06 21:09:00+02:00,0.9,16.3,0.0,17.2
2026-10-06 21:10:00+02:00,0.92,15.8,0.0,16.720000000000002
2026-10-06 21:11:00+02:00,0.44,16.0,0.0,16.44
2026-10-06 21:12:00+02:00,0.78,15.4,0.0,16.18
2026-10-06 21:13:00+02:00,0.74,15.9,0.0,16.64
2026-10-06 21:14:00+02:00,1.11,15.6,0.0,16.71
2026-10-06 21:15:00+02:00,1.17,16.2,0.0,17.369999999999997
2026-10-06 21:16:00+02:00,1.34,16.0,0.0,17.34
2026-10-06 21:17:00+02:00,1.72,15.7,0.0,17.419999999999998
2026-10-06 21:18:00+02:00,1.33,15.7,0.0,17.03
2026-10-06 21:19:00+02:00,-5.87,15.3,0.0,9.43
2026-10-06 21:20:00+02:00,,11.6,0.0,
2026-10-06 21:21:00+02:00,-4.68,9.8,0.0,5.120000000000001
2026-10-06 21:22:00+02:00,-2.81,7.5,0.0,4.6899999999999995
2026-10-06 21:23:00+02:00,-1.92,6.6,0.0,4.68
2026-10-06 21:24:00+02:00,6.46,10.6,0.0,17.06
2026-10-06 21:25:00+02:00,5.52,12.4,0.0,17.92
2026-10-06 21:26:00+02:00,4.57,13.2,0.0,17.77
2026-10-06 21:27:00+02:00,-8.81,8.6,0.0,-0.21000000000000085
2026-10-06 21:28:00+02:00,-3.99,8.4,0.0,4.41
2026-10-06 21:29:00+02:00,-2.54,7.1,0.0,4.56
2026-10-06 21:30:00+02:00,-1.46,6.6,0.0,5.14
2026-10-06 21:31:00+02:00,-0.83,6.3,0.0,5.47
2026-10-06 21:32:00+02:00,-0.61,5.3,0.0,4.6899999999999995
2026-10-06 21:33:00+02:00,-0.57,5.4,0.0,4.83
2026-10-06 21:34:00+02:00,-0.18,5.3,0.0,5.12
2026-10-06 21:35:00+02:00,-0.14,5.2,0.0,5.0600000000000005
2026-10-06 21:36:00+02:00,0.17,5.2,0.0,5.37
2026-10-06 21:37:00+02:00,-0.01,5.2,0.0,5.19
2026-10-06 21:38:00+02:00,0.62,5.4,0.0,6.0200000000000005
2026-10-06 21:39:00+02:00,0.65,5.4,0.0,6.050000000000001
2026-10-06 21:40:00+02:00,0.11,5.2,0.0,5.3100000000000005
2026-10-06 21:41:00+02:00,0.31,5.2,0.0,5.51
2026-10-06 21:42:00+02:00,0.17,5.3,0.0,5.47
2026-10-06 21:43:00+02:00,0.12,5.3,0.0,5.42
2026-10-06 21:44:00+02:00,0.15,5.2,0.0,5.3500000000000005
2026-10-06 21:45:00+02:00,0.43,5.3,0.0,5.7299999999999995
2026-10-06 21:46:00+02:00,0.41,5.3,0.0,5.71
2026-10-06 21:47:00+02:00,0.46,5.3,0.0,5.76
2026-10-06 21:48:00+02:00,0.45,5.2,0.0,5.65
2026-10-06 21:49:00+02:00,0.39,5.2,0.0,5.59
2026-10-06 21:50:00+02:00,0.09,5.4,0.0,5.49
2026-10-06 21:51:00+02:00,0.89,5.1,0.0,5.989999999999999
2026-10-06 21:52:00+02:00,0.37,5.2,0.0,5.57
2026-10-06 21:53:00+02:00,0.15,5.3,0.0,5.45
2026-10-06 21:54:00+02:00,0.22,5.2,0.0,5.42
2026-10-06 21:55:00+02:00,0.15,5.3,0.0,5.45
2026-10-06 21:56:00+02:00,0.41,5.4,0.0,5.8100000000000005
2026-10-06 21:57:00+02:00,1.01,5.2,0.0,6.21
2026-10-06 21:58:00+02:00,0.42,5.2,0.0,5.62
2026-10-06 21:59:00+02:00,0.08,5.2,0.0,5.28
2026-10-06 22:00:00+02:00,0.1,5.4,0.0,5.5
2026-10-06 22:01:00+02:00,0.31,5.4,0.0,5.71
2026-10-06 22:02:00+02:00,0.26,5.1,0.0,5.359999999999999
2026-10-06 22:03:00+02:00,0.63,5.3,0.0,5.93
2026-10-06 22:04:00+02:00,11.13,11.4,0.0,22.53
2026-10-06 22:05:00+02:00,9.04,13.3,0.0,22.34
2026-10-06 22:06:00+02:00,6.22,15.3,0.0,21.52
2026-10-06 22:07:00+02:00,-8.05,10.6,0.0,2.549999999999999
2026-10-06 22:08:00+02:00,-4.28,9.2,0.0,4.919999999999999
2026-10-06 22:09:00+02:00,-2.9,8.1,0.0,5.199999999999999
2026-10-06 22:10:00+02:00,-1.52,7.1,0.0,5.58
2026-10-06 22:11:00+02:00,-1.07,6.8,0.0,5.7299999999999995
2026-10-06 22:12:00+02:00,-0.89,6.4,0.0,5.510000000000001
2026-10-06 22:13:00+02:00,-0.45,6.1,0.0,5.6499999999999995
2026-10-06 22:14:00+02:00,-0.29,6.1,0.0,5.81
2026-10-06 22:15:00+02:00,-0.45,6.1,0.0,5.6499999999999995
2026-10-06 22:16:00+02:00,-0.27,5.9,0.0,5.630000000000001
2026-10-06 22:17:00+02:00,-0.13,5.6,0.0,5.47
2026-10-06 22:18:00+02:00,-0.16,5.8,0.0,5.64
2026-10-06 22:19:00+02:00,0.09,5.8,0.0,5.89
2026-10-06 22:20:00+02:00,-0.15,5.6,0.0,5.449999999999999
2026-10-06 22:21:00+02:00,-0.09,5.6,0.0,5.51
2026-10-06 22:22:00+02:00,-0.08,5.6,0.0,5.52
2026-10-06 22:23:00+02:00,-0.11,5.7,0.0,5.59
2026-10-06 22:24:00+02:00,0.12,5.4,0.0,5.5200000000000005
2026-10-06 22:25:00+02:00,0.37,5.6,0.0,5.97
2026-10-06 22:26:00+02:00,0.4,5.6,0.0,6.0
2026-10-06 22:27:00+02:00,0.4,5.5,0.0,5.9
2026-10-06 22:28:00+02:00,0.53,5.4,0.0,5.930000000000001
2026-10-06 22:29:00+02:00,0.19,5.4,0.0,5.590000000000001
2026-10-06 22:30:00+02:00,0.28,5.4,0.0,5.680000000000001
2026-10-06 22:31:00+02:00,0.17,5.5,0.0,5.67
2026-10-06 22:32:00+02:00,0.3,5.3,0.0,5.6
2026-10-06 22:33:00+02:00,0.42,5.5,0.0,5.92
2026-10-06 22:34:00+02:00,-0.1,5.4,0.0,5.300000000000001
2026-10-06 22:35:00+02:00,-0.14,5.5,0.0,5.36
2026-10-06 22:36:00+02:00,0.96,5.2,0.0,6.16
2026-10-06 22:37:00+02:00,-0.22,5.0,0.0,4.78
2026-10-06 22:38:00+02:00,1.44,5.0,0.0,6.4399999999999995
2026-10-06 22:39:00+02:00,0.01,5.1,0.0,5.109999999999999
2026-10-06 22:40:00+02:00,-0.08,4.8,0.0,4.72
2026-10-06 22:41:00+02:00,0.33,4.9,0.0,5.23
2026-10-06 22:42:00+02:00,1.95,4.9,0.0,6.8500000000000005
2026-10-06 22:43:00+02:00,0.36,4.9,0.0,5.260000000000001
2026-10-06 22:44:00+02:00,8.1,9.8,0.0,17.9
2026-10-06 22:45:00+02:00,6.27,11.9,0.0,18.17
2026-10-06 22:46:00+02:00,4.78,12.9,0.0,17.68
2026-10-06 22:47:00+02:00,-8.83,7.8,0.0,-1.0300000000000002
2026-10-06 22:48:00+02:00,-3.77,7.3,0.0,3.53
2026-10-06 22:49:00+02:00,-2.31,6.7,0.0,4.390000000000001
2026-10-06 22:50:00+02:00,-0.34,6.2,0.0,5.86
2026-10-06 22:51:00+02:00,-0.76,5.8,0.0,5.04
2026-10-06 22:52:00+02:00,-0.44,5.4,0.0,4.96
2026-10-06 22:53:00+02:00,-0.21,5.3,0.0,5.09
2026-10-06 22:54:00+02:00,-0.24,5.3,0.0,5.06
2026-10-06 22:55:00+02:00,-0.36,5.1,0.0,4.739999999999999
2026-10-06 22:56:00+02:00,-0.18,-25.9,0.0,-26.08
2026-10-06 22:57:00+02:00,25.68,-27.5,0.0,-1.8200000000000003
2026-10-06 22:58:00+02:00,34.58,-32.7,0.0,1.8799999999999955
2026-10-06 22:59:00+02:00,40.46,-35.8,0.0,4.660000000000004
2026-10-06 23:00:00+02:00,42.97,-38.1,0.0,4.869999999999997
2026-10-06 23:01:00+02:00,44.32,-39.5,0.0,4.82
2026-10-06 23:02:00+02:00,44.98,-40.5,0.0,4.479999999999997
2026-10-06 23:03:00+02:00,45.8,-41.6,0.0,4.199999999999996
2026-10-06 23:04:00+02:00,46.23,-42.1,0.0,4.1299999999999955
2026-10-06 23:05:00+02:00,46.36,-42.0,0.0,4.359999999999999
2026-10-06 23:06:00+02:00,46.59,-42.1,0.0,4.490000000000002
2026-10-06 23:07:00+02:00,46.63,-42.4,0.0,4.230000000000004
2026-10-06 23:08:00+02:00,46.65,-42.4,0.0,4.25
2026-10-06 23:09:00+02:00,46.86,-42.4,0.0,4.460000000000001
2026-10-06 23:10:00+02:00,46.77,-42.6,0.0,4.170000000000002
2026-10-06 23:11:00+02:00,48.0,-42.4,0.0,5.600000000000001
2026-10-06 23:12:00+02:00,47.02,-42.2,0.0,4.82
2026-10-06 23:13:00+02:00,46.93,-42.5,0.0,4.43
2026-10-06 23:14:00+02:00,47.06,-42.5,0.0,4.560000000000002
2026-10-06 23:15:00+02:00,47.05,-42.6,0.0,4.449999999999996
2026-10-06 23:16:00+02:00,47.02,-42.4,0.0,4.6200000000000045
2026-10-06 23:17:00+02:00,47.26,-42.6,0.0,4.659999999999997
2026-10-06 23:18:00+02:00,47.38,-42.6,0.0,4.780000000000001
2026-10-06 23:19:00+02:00,47.27,-42.6,0.0,4.670000000000002
2026-10-06 23:20:00+02:00,47.04,-42.7,0.0,4.339999999999996
2026-10-06 23:21:00+02:00,47.05,-42.5,0.0,4.549999999999997
2026-10-06 23:22:00+02:00,47.06,-42.6,0.0,4.460000000000001
2026-10-06 23:23:00+02:00,47.1,-42.6,0.0,4.5
2026-10-06 23:24:00+02:00,54.06,-37.8,0.0,16.260000000000005
2026-10-06 23:25:00+02:00,53.28,-35.7,0.0,17.58
2026-10-06 23:26:00+02:00,52.82,-34.2,0.0,18.619999999999997
2026-10-06 23:27:00+02:00,38.45,-39.9,0.0,-1.4499999999999957
2026-10-06 23:28:00+02:00,42.82,-40.1,0.0,2.719999999999999
2026-10-06 23:29:00+02:00,45.01,-40.3,0.0,4.710000000000001
2026-10-06 23:30:00+02:00,46.45,-41.4,0.0,5.050000000000004
2026-10-06 23:31:00+02:00,46.11,-41.8,0.0,4.310000000000002
2026-10-06 23:32:00+02:00,46.42,-41.9,0.0,4.520000000000003
2026-10-06 23:33:00+02:00,46.6,-42.0,0.0,4.600000000000001
2026-10-06 23:34:00+02:00,46.93,-42.2,0.0,4.729999999999997
2026-10-06 23:35:00+02:00,46.88,-42.4,0.0,4.480000000000004
2026-10-06 23:36:00+02:00,46.57,-42.4,0.0,4.170000000000002
2026-10-06 23:37:00+02:00,46.74,-42.5,0.0,4.240000000000002
2026-10-06 23:38:00+02:00,46.68,-42.5,0.0,4.18
2026-10-06 23:39:00+02:00,46.89,-42.6,0.0,4.289999999999999
2026-10-06 23:40:00+02:00,46.99,-42.7,0.0,4.289999999999999
2026-10-06 23:41:00+02:00,47.03,-42.6,0.0,4.43
2026-10-06 23:42:00+02:00,47.28,-42.7,0.0,4.579999999999998
2026-10-06 23:43:00+02:00,47.29,-42.7,0.0,4.589999999999996
2026-10-06 23:44:00+02:00,47.38,-42.7,0.0,4.68
2026-10-06 23:45:00+02:00,47.39,-42.8,0.0,4.590000000000003
2026-10-06 23:46:00+02:00,55.89,-42.7,0.0,13.189999999999998
2026-10-06 23:47:00+02:00,51.31,-37.9,0.0,13.410000000000004
2026-10-06 23:48:00+02:00,50.99,-36.3,0.0,14.690000000000005
2026-10-06 23:49:00+02:00,50.45,-35.6,0.0,14.850000000000001
2026-10-06 23:50:00+02:00,51.03,-33.7,0.0,17.33
2026-10-06 23:51:00+02:00,60.0,-27.9,0.0,32.1
2026-10-06 23:52:00+02:00,56.06,-26.0,0.0,30.060000000000002
2026-10-06 23:53:00+02:00,52.94,-24.3,0.0,28.639999999999997
2026-10-06 23:54:00+02:00,51.55,-23.2,0.0,28.349999999999998
2026-10-06 23:55:00+02:00,50.98,-22.4,0.0,28.58
2026-10-06 23:56:00+02:00,50.44,-21.2,0.0,29.24
2026-10-06 23:57:00+02:00,49.85,-21.3,0.0,28.55
2026-10-06 23:58:00+02:00,49.52,-20.9,0.0,28.620000000000005
2026-10-06 23:59:00+02:00,49.45,-20.7,0.0,28.750000000000004
