time,actual_kw,old_upper_kw,upper_kw
2026-10-06 00:00:00+02:00,3.7300000000000004,21.150000000000002,30.01
2026-10-06 00:01:00+02:00,3.8100000000000023,21.150000000000002,30.01
2026-10-06 00:02:00+02:00,4.0,21.150000000000002,30.01
2026-10-06 00:03:00+02:00,3.8800000000000026,21.150000000000002,30.01
2026-10-06 00:04:00+02:00,3.760000000000005,21.150000000000002,30.01
2026-10-06 00:05:00+02:00,3.260000000000005,21.150000000000002,30.01
2026-10-06 00:06:00+02:00,3.3299999999999983,21.150000000000002,30.01
2026-10-06 00:07:00+02:00,3.6200000000000045,21.150000000000002,30.01
2026-10-06 00:08:00+02:00,3.6499999999999986,21.150000000000002,30.01
2026-10-06 00:09:00+02:00,3.5900000000000034,21.150000000000002,30.01
2026-10-06 00:10:00+02:00,3.490000000000002,21.150000000000002,30.01
2026-10-06 00:11:00+02:00,4.5,21.150000000000002,30.01
2026-10-06 00:12:00+02:00,2.8800000000000026,21.150000000000002,30.01
2026-10-06 00:13:00+02:00,2.8699999999999974,21.150000000000002,30.01
2026-10-06 00:14:00+02:00,2.8699999999999974,21.150000000000002,30.01
2026-10-06 00:15:00+02:00,3.1699999999999946,16.566000000000003,30.01
2026-10-06 00:16:00+02:00,3.1599999999999966,16.566000000000003,30.01
2026-10-06 00:17:00+02:00,3.219999999999999,16.566000000000003,30.01
2026-10-06 00:18:00+02:00,2.780000000000001,16.566000000000003,30.01
2026-10-06 00:19:00+02:00,2.8400000000000034,16.566000000000003,30.01
2026-10-06 00:20:00+02:00,2.8900000000000006,16.566000000000003,30.01
2026-10-06 00:21:00+02:00,2.8900000000000006,16.566000000000003,30.01
2026-10-06 00:22:00+02:00,3.6899999999999977,16.566000000000003,30.01
2026-10-06 00:23:00+02:00,3.6899999999999977,16.566000000000003,30.01
2026-10-06 00:24:00+02:00,4.169999999999995,16.566000000000003,30.01
2026-10-06 00:25:00+02:00,2.9399999999999977,16.566000000000003,30.01
2026-10-06 00:26:00+02:00,2.5600000000000023,16.566000000000003,30.01
2026-10-06 00:27:00+02:00,2.719999999999999,16.566000000000003,30.01
2026-10-06 00:28:00+02:00,4.029999999999994,16.566000000000003,30.01
2026-10-06 00:29:00+02:00,2.9099999999999966,16.566000000000003,30.01
2026-10-06 00:30:00+02:00,2.9399999999999977,24.864666666666665,30.01
2026-10-06 00:31:00+02:00,2.9299999999999997,24.864666666666665,30.01
2026-10-06 00:32:00+02:00,3.979999999999997,24.864666666666665,30.01
2026-10-06 00:33:00+02:00,3.0799999999999983,24.864666666666665,30.01
2026-10-06 00:34:00+02:00,3.1199999999999974,24.864666666666665,30.01
2026-10-06 00:35:00+02:00,2.740000000000002,24.864666666666665,30.01
2026-10-06 00:36:00+02:00,2.770000000000003,24.864666666666665,30.01
2026-10-06 00:37:00+02:00,2.9499999999999957,24.864666666666665,30.01
2026-10-06 00:38:00+02:00,2.8599999999999994,24.864666666666665,30.01
2026-10-06 00:39:00+02:00,3.299999999999997,24.864666666666665,30.01
2026-10-06 00:40:00+02:00,3.0799999999999983,24.864666666666665,30.01
2026-10-06 00:41:00+02:00,3.4200000000000017,24.864666666666665,30.01
2026-10-06 00:42:00+02:00,3.25,24.864666666666665,30.01
2026-10-06 00:43:00+02:00,2.8699999999999974,24.864666666666665,30.01
2026-10-06 00:44:00+02:00,2.8999999999999986,24.864666666666665,30.01
2026-10-06 00:45:00+02:00,3.009999999999998,12.764666666666667,28.43
2026-10-06 00:46:00+02:00,3.1899999999999977,12.764666666666667,28.43
2026-10-06 00:47:00+02:00,3.240000000000002,12.764666666666667,28.43
2026-10-06 00:48:00+02:00,2.8999999999999986,12.764666666666667,28.43
2026-10-06 00:49:00+02:00,2.8100000000000023,12.764666666666667,28.43
2026-10-06 00:50:00+02:00,3.979999999999997,12.764666666666667,28.43
2026-10-06 00:51:00+02:00,3.1099999999999994,12.764666666666667,28.43
2026-10-06 00:52:00+02:00,3.039999999999999,12.764666666666667,28.43
2026-10-06 00:53:00+02:00,2.759999999999998,12.764666666666667,28.43
2026-10-06 00:54:00+02:00,2.799999999999997,12.764666666666667,28.43
2026-10-06 00:55:00+02:00,2.9299999999999997,12.764666666666667,28.43
2026-10-06 00:56:00+02:00,2.8699999999999974,12.764666666666667,28.43
2026-10-06 00:57:00+02:00,3.6700000000000017,12.764666666666667,28.43
2026-10-06 00:58:00+02:00,3.0799999999999983,12.764666666666667,28.43
2026-10-06 00:59:00+02:00,2.969999999999999,12.764666666666667,28.43
2026-10-06 01:00:00+02:00,3.059999999999995,9.350000000000001,28.3
2026-10-06 01:01:00+02:00,3.019999999999996,9.350000000000001,28.3
2026-10-06 01:02:00+02:00,4.600000000000001,9.350000000000001,28.3
2026-10-06 01:03:00+02:00,2.789999999999999,9.350000000000001,28.3
2026-10-06 01:04:00+02:00,2.739999999999995,9.350000000000001,28.3
2026-10-06 01:05:00+02:00,2.729999999999997,9.350000000000001,28.3
2026-10-06 01:06:00+02:00,2.9000000000000057,9.350000000000001,28.3
2026-10-06 01:07:00+02:00,2.9100000000000037,9.350000000000001,28.3
2026-10-06 01:08:00+02:00,,9.350000000000001,28.3
2026-10-06 01:09:00+02:00,3.1200000000000045,9.350000000000001,28.3
2026-10-06 01:10:00+02:00,2.8599999999999994,9.350000000000001,28.3
2026-10-06 01:11:00+02:00,2.740000000000002,9.350000000000001,28.3
2026-10-06 01:12:00+02:00,2.8599999999999994,9.350000000000001,28.3
2026-10-06 01:13:00+02:00,2.789999999999999,9.350000000000001,28.3
2026-10-06 01:14:00+02:00,3.1099999999999994,9.350000000000001,28.3
2026-10-06 01:15:00+02:00,3.0700000000000003,9.952666666666666,28.3
2026-10-06 01:16:00+02:00,3.8900000000000006,9.952666666666666,28.3
2026-10-06 01:17:00+02:00,2.9299999999999997,9.952666666666666,28.3
2026-10-06 01:18:00+02:00,2.8500000000000014,9.952666666666666,28.3
2026-10-06 01:19:00+02:00,3.1400000000000006,9.952666666666666,28.3
2026-10-06 01:20:00+02:00,3.020000000000003,9.952666666666666,28.3
2026-10-06 01:21:00+02:00,2.9100000000000037,9.952666666666666,28.3
2026-10-06 01:22:00+02:00,4.32,9.952666666666666,28.3
2026-10-06 01:23:00+02:00,2.970000000000006,9.952666666666666,28.3
2026-10-06 01:24:00+02:00,2.8400000000000034,9.952666666666666,28.3
2026-10-06 01:25:00+02:00,2.940000000000005,9.952666666666666,28.3
2026-10-06 01:26:00+02:00,3.1300000000000026,9.952666666666666,28.3
2026-10-06 01:27:00+02:00,3.1799999999999997,9.952666666666666,28.3
2026-10-06 01:28:00+02:00,3.3000000000000043,9.952666666666666,28.3
2026-10-06 01:29:00+02:00,3.3900000000000006,9.952666666666666,28.3
2026-10-06 01:30:00+02:00,2.8700000000000045,10.84,25.804000000000006
2026-10-06 01:31:00+02:00,3.490000000000002,10.84,25.804000000000006
2026-10-06 01:32:00+02:00,3.3999999999999986,10.84,25.804000000000006
2026-10-06 01:33:00+02:00,3.690000000000005,10.84,25.804000000000006
2026-10-06 01:34:00+02:00,6.109999999999999,10.84,25.804000000000006
2026-10-06 01:35:00+02:00,5.520000000000003,10.84,25.804000000000006
2026-10-06 01:36:00+02:00,3.970000000000006,10.84,25.804000000000006
2026-10-06 01:37:00+02:00,3.3800000000000026,10.84,25.804000000000006
2026-10-06 01:38:00+02:00,3.549999999999997,10.84,25.804000000000006
2026-10-06 01:39:00+02:00,3.3800000000000026,10.84,25.804000000000006
2026-10-06 01:40:00+02:00,3.4099999999999966,10.84,25.804000000000006
2026-10-06 01:41:00+02:00,3.530000000000001,10.84,25.804000000000006
2026-10-06 01:42:00+02:00,3.559999999999995,10.84,25.804000000000006
2026-10-06 01:43:00+02:00,3.6899999999999977,10.84,25.804000000000006
2026-10-06 01:44:00+02:00,3.8500000000000014,10.84,25.804000000000006
2026-10-06 01:45:00+02:00,3.6700000000000017,27.114666666666672,27.75
2026-10-06 01:46:00+02:00,3.729999999999997,27.114666666666672,27.75
2026-10-06 01:47:00+02:00,3.3599999999999994,27.114666666666672,27.75
2026-10-06 01:48:00+02:00,3.3200000000000003,27.114666666666672,27.75
2026-10-06 01:49:00+02:00,3.4200000000000017,27.114666666666672,27.75
2026-10-06 01:50:00+02:00,6.099999999999994,27.114666666666672,27.75
2026-10-06 01:51:00+02:00,13.739999999999995,27.114666666666672,27.75
2026-10-06 01:52:00+02:00,13.829999999999998,27.114666666666672,27.75
2026-10-06 01:53:00+02:00,13.959999999999994,27.114666666666672,27.75
2026-10-06 01:54:00+02:00,16.15,27.114666666666672,27.75
2026-10-06 01:55:00+02:00,16.080000000000005,27.114666666666672,27.75
2026-10-06 01:56:00+02:00,26.93,27.114666666666672,27.75
2026-10-06 01:57:00+02:00,26.2,27.114666666666672,27.75
2026-10-06 01:58:00+02:00,26.050000000000004,27.114666666666672,27.75
2026-10-06 01:59:00+02:00,26.4,27.114666666666672,27.75
2026-10-06 02:00:00+02:00,27.09,9.823333333333334,29.560000000000002
2026-10-06 02:01:00+02:00,26.599999999999998,9.823333333333334,29.560000000000002
2026-10-06 02:02:00+02:00,27.939999999999998,9.823333333333334,29.560000000000002
2026-10-06 02:03:00+02:00,27.559999999999995,9.823333333333334,29.560000000000002
2026-10-06 02:04:00+02:00,27.66,9.823333333333334,29.560000000000002
2026-10-06 02:05:00+02:00,27.81,9.823333333333334,29.560000000000002
2026-10-06 02:06:00+02:00,27.98,9.823333333333334,29.560000000000002
2026-10-06 02:07:00+02:00,27.839999999999996,9.823333333333334,29.560000000000002
2026-10-06 02:08:00+02:00,28.049999999999997,9.823333333333334,29.560000000000002
2026-10-06 02:09:00+02:00,28.78,9.823333333333334,29.560000000000002
2026-10-06 02:10:00+02:00,28.159999999999997,9.823333333333334,29.560000000000002
2026-10-06 02:11:00+02:00,28.389999999999997,9.823333333333334,29.560000000000002
2026-10-06 02:12:00+02:00,29.130000000000003,9.823333333333334,29.560000000000002
2026-10-06 02:13:00+02:00,28.470000000000002,9.823333333333334,29.560000000000002
2026-10-06 02:14:00+02:00,4.420000000000002,9.823333333333334,29.560000000000002
2026-10-06 02:15:00+02:00,3.6599999999999966,23.741333333333337,29.560000000000002
2026-10-06 02:16:00+02:00,3.710000000000001,23.741333333333337,29.560000000000002
2026-10-06 02:17:00+02:00,3.5700000000000003,23.741333333333337,29.560000000000002
2026-10-06 02:18:00+02:00,3.719999999999999,23.741333333333337,29.560000000000002
2026-10-06 02:19:00+02:00,3.799999999999997,23.741333333333337,29.560000000000002
2026-10-06 02:20:00+02:00,4.56,23.741333333333337,29.560000000000002
2026-10-06 02:21:00+02:00,5.050000000000001,23.741333333333337,29.560000000000002
2026-10-06 02:22:00+02:00,4.24,23.741333333333337,29.560000000000002
2026-10-06 02:23:00+02:00,4.069999999999999,23.741333333333337,29.560000000000002
2026-10-06 02:24:00+02:00,4.05,23.741333333333337,29.560000000000002
2026-10-06 02:25:00+02:00,4.08,23.741333333333337,29.560000000000002
2026-10-06 02:26:00+02:00,4.12,23.741333333333337,29.560000000000002
2026-10-06 02:27:00+02:00,4.05,23.741333333333337,29.560000000000002
2026-10-06 02:28:00+02:00,4.24,23.741333333333337,29.560000000000002
2026-10-06 02:29:00+02:00,3.5,23.741333333333337,29.560000000000002
2026-10-06 02:30:00+02:00,3.79,19.378000000000004,29.560000000000002
2026-10-06 02:31:00+02:00,3.81,19.378000000000004,29.560000000000002
2026-10-06 02:32:00+02:00,3.71,19.378000000000004,29.560000000000002
2026-10-06 02:33:00+02:00,3.6999999999999997,19.378000000000004,29.560000000000002
2026-10-06 02:34:00+02:00,3.5,19.378000000000004,29.560000000000002
2026-10-06 02:35:00+02:00,3.46,19.378000000000004,29.560000000000002
2026-10-06 02:36:00+02:00,3.5,19.378000000000004,29.560000000000002
2026-10-06 02:37:00+02:00,3.4699999999999998,19.378000000000004,29.560000000000002
2026-10-06 02:38:00+02:00,3.54,19.378000000000004,29.560000000000002
2026-10-06 02:39:00+02:00,3.67,19.378000000000004,29.560000000000002
2026-10-06 02:40:00+02:00,3.53,19.378000000000004,29.560000000000002
2026-10-06 02:41:00+02:00,3.42,19.378000000000004,29.560000000000002
2026-10-06 02:42:00+02:00,3.79,19.378000000000004,29.560000000000002
2026-10-06 02:43:00+02:00,3.87,19.378000000000004,29.560000000000002
2026-10-06 02:44:00+02:00,3.9299999999999997,19.378000000000004,29.560000000000002
2026-10-06 02:45:00+02:00,3.67,11.888,29.560000000000002
2026-10-06 02:46:00+02:00,3.61,11.888,29.560000000000002
2026-10-06 02:47:00+02:00,3.63,11.888,29.560000000000002
2026-10-06 02:48:00+02:00,4.340000000000001,11.888,29.560000000000002
2026-10-06 02:49:00+02:00,3.87,11.888,29.560000000000002
2026-10-06 02:50:00+02:00,3.6799999999999997,11.888,29.560000000000002
2026-10-06 02:51:00+02:00,3.59,11.888,29.560000000000002
2026-10-06 02:52:00+02:00,4.42,11.888,29.560000000000002
2026-10-06 02:53:00+02:00,3.65,11.888,29.560000000000002
2026-10-06 02:54:00+02:00,3.99,11.888,29.560000000000002
2026-10-06 02:55:00+02:00,3.93,11.888,29.560000000000002
2026-10-06 02:56:00+02:00,4.050000000000001,11.888,29.560000000000002
2026-10-06 02:57:00+02:00,3.96,11.888,29.560000000000002
2026-10-06 02:58:00+02:00,3.84,11.888,29.560000000000002
2026-10-06 02:59:00+02:00,4.16,11.888,29.560000000000002
2026-10-06 03:00:00+02:00,3.77,26.994,29.560000000000002
2026-10-06 03:01:00+02:00,3.5,26.994,29.560000000000002
2026-10-06 03:02:00+02:00,3.9099999999999997,26.994,29.560000000000002
2026-10-06 03:03:00+02:00,3.8199999999999994,26.994,29.560000000000002
2026-10-06 03:04:00+02:00,3.41,26.994,29.560000000000002
2026-10-06 03:05:00+02:00,4.4,26.994,29.560000000000002
2026-10-06 03:06:00+02:00,3.53,26.994,29.560000000000002
2026-10-06 03:07:00+02:00,3.6799999999999997,26.994,29.560000000000002
2026-10-06 03:08:00+02:00,3.9499999999999997,26.994,29.560000000000002
2026-10-06 03:09:00+02:00,3.3899999999999997,26.994,29.560000000000002
2026-10-06 03:10:00+02:00,3.4099999999999997,26.994,29.560000000000002
2026-10-06 03:11:00+02:00,3.4099999999999997,26.994,29.560000000000002
2026-10-06 03:12:00+02:00,3.7199999999999998,26.994,29.560000000000002
2026-10-06 03:13:00+02:00,3.7199999999999998,26.994,29.560000000000002
2026-10-06 03:14:00+02:00,3.3099999999999996,26.994,29.560000000000002
2026-10-06 03:15:00+02:00,3.3299999999999996,10.163999999999998,28.831000000000003
2026-10-06 03:16:00+02:00,3.28,10.163999999999998,28.831000000000003
2026-10-06 03:17:00+02:00,3.3499999999999996,10.163999999999998,28.831000000000003
2026-10-06 03:18:00+02:00,3.4699999999999998,10.163999999999998,28.831000000000003
2026-10-06 03:19:00+02:00,3.6,10.163999999999998,28.831000000000003
2026-10-06 03:20:00+02:00,3.6599999999999997,10.163999999999998,28.831000000000003
2026-10-06 03:21:00+02:00,3.79,10.163999999999998,28.831000000000003
2026-10-06 03:22:00+02:00,3.78,10.163999999999998,28.831000000000003
2026-10-06 03:23:00+02:00,3.8099999999999996,10.163999999999998,28.831000000000003
2026-10-06 03:24:00+02:00,4.58,10.163999999999998,28.831000000000003
2026-10-06 03:25:00+02:00,3.54,10.163999999999998,28.831000000000003
2026-10-06 03:26:00+02:00,3.48,10.163999999999998,28.831000000000003
2026-10-06 03:27:00+02:00,3.52,10.163999999999998,28.831000000000003
2026-10-06 03:28:00+02:00,,10.163999999999998,28.831000000000003
2026-10-06 03:29:00+02:00,3.6900000000000004,10.163999999999998,28.831000000000003
2026-10-06 03:30:00+02:00,3.8199999999999994,8.283333333333335,28.831000000000003
2026-10-06 03:31:00+02:00,4.01,8.283333333333335,28.831000000000003
2026-10-06 03:32:00+02:00,3.88,8.283333333333335,28.831000000000003
2026-10-06 03:33:00+02:00,3.9099999999999997,8.283333333333335,28.831000000000003
2026-10-06 03:34:00+02:00,3.99,8.283333333333335,28.831000000000003
2026-10-06 03:35:00+02:00,3.6999999999999997,8.283333333333335,28.831000000000003
2026-10-06 03:36:00+02:00,3.4299999999999997,8.283333333333335,28.831000000000003
2026-10-06 03:37:00+02:00,3.67,8.283333333333335,28.831000000000003
2026-10-06 03:38:00+02:00,3.3699999999999997,8.283333333333335,28.831000000000003
2026-10-06 03:39:00+02:00,3.57,8.283333333333335,28.831000000000003
2026-10-06 03:40:00+02:00,3.93,8.283333333333335,28.831000000000003
2026-10-06 03:41:00+02:00,3.64,8.283333333333335,28.831000000000003
2026-10-06 03:42:00+02:00,3.4400000000000004,8.283333333333335,28.831000000000003
2026-10-06 03:43:00+02:00,3.54,8.283333333333335,28.831000000000003
2026-10-06 03:44:00+02:00,3.5999999999999996,8.283333333333335,28.831000000000003
2026-10-06 03:45:00+02:00,3.79,11.583333333333332,32.410000000000004
2026-10-06 03:46:00+02:00,3.84,11.583333333333332,32.410000000000004
2026-10-06 03:47:00+02:00,3.4899999999999998,11.583333333333332,32.410000000000004
2026-10-06 03:48:00+02:00,3.52,11.583333333333332,32.410000000000004
2026-10-06 03:49:00+02:00,3.63,11.583333333333332,32.410000000000004
2026-10-06 03:50:00+02:00,4.36,11.583333333333332,32.410000000000004
2026-10-06 03:51:00+02:00,4.57,11.583333333333332,32.410000000000004
2026-10-06 03:52:00+02:00,3.96,11.583333333333332,32.410000000000004
2026-10-06 03:53:00+02:00,4.050000000000001,11.583333333333332,32.410000000000004
2026-10-06 03:54:00+02:00,3.97,11.583333333333332,32.410000000000004
2026-10-06 03:55:00+02:00,4.33,11.583333333333332,32.410000000000004
2026-10-06 03:56:00+02:00,4.130000000000001,11.583333333333332,32.410000000000004
2026-10-06 03:57:00+02:00,3.79,11.583333333333332,32.410000000000004
2026-10-06 03:58:00+02:00,3.8099999999999996,11.583333333333332,32.410000000000004
2026-10-06 03:59:00+02:00,3.93,11.583333333333332,32.410000000000004
2026-10-06 04:00:00+02:00,3.9099999999999997,14.701333333333334,35.230000000000004
2026-10-06 04:01:00+02:00,3.9099999999999997,14.701333333333334,35.230000000000004
2026-10-06 04:02:00+02:00,3.8199999999999994,14.701333333333334,35.230000000000004
2026-10-06 04:03:00+02:00,4.17,14.701333333333334,35.230000000000004
2026-10-06 04:04:00+02:00,4.46,14.701333333333334,35.230000000000004
2026-10-06 04:05:00+02:00,15.16,14.701333333333334,35.230000000000004
2026-10-06 04:06:00+02:00,14.180000000000001,14.701333333333334,35.230000000000004
2026-10-06 04:07:00+02:00,14.83,14.701333333333334,35.230000000000004
2026-10-06 04:08:00+02:00,14.31,14.701333333333334,35.230000000000004
2026-10-06 04:09:00+02:00,16.35,14.701333333333334,35.230000000000004
2026-10-06 04:10:00+02:00,25.869999999999997,14.701333333333334,35.230000000000004
2026-10-06 04:11:00+02:00,26.04,14.701333333333334,35.230000000000004
2026-10-06 04:12:00+02:00,26.22,14.701333333333334,35.230000000000004
2026-10-06 04:13:00+02:00,26.7,14.701333333333334,35.230000000000004
2026-10-06 04:14:00+02:00,26.87,14.701333333333334,35.230000000000004
2026-10-06 04:15:00+02:00,27.22,16.943333333333335,39.209999999999994
2026-10-06 04:16:00+02:00,27.349999999999998,16.943333333333335,39.209999999999994
2026-10-06 04:17:00+02:00,27.36,16.943333333333335,39.209999999999994
2026-10-06 04:18:00+02:00,27.459999999999997,16.943333333333335,39.209999999999994
2026-10-06 04:19:00+02:00,27.46,16.943333333333335,39.209999999999994
2026-10-06 04:20:00+02:00,28.63,16.943333333333335,39.209999999999994
2026-10-06 04:21:00+02:00,28.85,16.943333333333335,39.209999999999994
2026-10-06 04:22:00+02:00,33.279999999999994,16.943333333333335,39.209999999999994
2026-10-06 04:23:00+02:00,33.36,16.943333333333335,39.209999999999994
2026-10-06 04:24:00+02:00,32.5,16.943333333333335,39.209999999999994
2026-10-06 04:25:00+02:00,33.42,16.943333333333335,39.209999999999994
2026-10-06 04:26:00+02:00,,16.943333333333335,39.209999999999994
2026-10-06 04:27:00+02:00,36.82,16.943333333333335,39.209999999999994
2026-10-06 04:28:00+02:00,34.21,16.943333333333335,39.209999999999994
2026-10-06 04:29:00+02:00,34.71,16.943333333333335,39.209999999999994
2026-10-06 04:30:00+02:00,21.45,33.632,41.9
2026-10-06 04:31:00+02:00,8.760000000000002,33.632,41.9
2026-10-06 04:32:00+02:00,8.48,33.632,41.9
2026-10-06 04:33:00+02:00,8.520000000000001,33.632,41.9
2026-10-06 04:34:00+02:00,8.41,33.632,41.9
2026-10-06 04:35:00+02:00,8.59,33.632,41.9
2026-10-06 04:36:00+02:00,8.62,33.632,41.9
2026-10-06 04:37:00+02:00,9.55,33.632,41.9
2026-10-06 04:38:00+02:00,8.3,33.632,41.9
2026-10-06 04:39:00+02:00,8.209999999999999,33.632,41.9
2026-10-06 04:40:00+02:00,9.75,33.632,41.9
2026-10-06 04:41:00+02:00,8.65,33.632,41.9
2026-10-06 04:42:00+02:00,8.78,33.632,41.9
2026-10-06 04:43:00+02:00,8.38,33.632,41.9
2026-10-06 04:44:00+02:00,8.24,33.632,41.9
2026-10-06 04:45:00+02:00,9.09,36.02466666666667,48.41
2026-10-06 04:46:00+02:00,8.41,36.02466666666667,48.41
2026-10-06 04:47:00+02:00,8.44,36.02466666666667,48.41
2026-10-06 04:48:00+02:00,8.42,36.02466666666667,48.41
2026-10-06 04:49:00+02:00,8.799999999999999,36.02466666666667,48.41
2026-10-06 04:50:00+02:00,8.69,36.02466666666667,48.41
2026-10-06 04:51:00+02:00,10.16,36.02466666666667,48.41
2026-10-06 04:52:00+02:00,8.79,36.02466666666667,48.41
2026-10-06 04:53:00+02:00,8.33,36.02466666666667,48.41
2026-10-06 04:54:00+02:00,8.67,36.02466666666667,48.41
2026-10-06 04:55:00+02:00,8.510000000000002,36.02466666666667,48.41
2026-10-06 04:56:00+02:00,8.530000000000001,36.02466666666667,48.41
2026-10-06 04:57:00+02:00,8.09,36.02466666666667,48.41
2026-10-06 04:58:00+02:00,9.2,36.02466666666667,48.41
2026-10-06 04:59:00+02:00,8.290000000000001,36.02466666666667,48.41
2026-10-06 05:00:00+02:00,10.32,28.407999999999998,48.41
2026-10-06 05:01:00+02:00,9.799999999999999,28.407999999999998,48.41
2026-10-06 05:02:00+02:00,8.969999999999999,28.407999999999998,48.41
2026-10-06 05:03:00+02:00,8.83,28.407999999999998,48.41
2026-10-06 05:04:00+02:00,9.09,28.407999999999998,48.41
2026-10-06 05:05:00+02:00,9.11,28.407999999999998,48.41
2026-10-06 05:06:00+02:00,8.680000000000001,28.407999999999998,48.41
2026-10-06 05:07:00+02:00,8.62,28.407999999999998,48.41
2026-10-06 05:08:00+02:00,8.92,28.407999999999998,48.41
2026-10-06 05:09:00+02:00,8.95,28.407999999999998,48.41
2026-10-06 05:10:00+02:00,10.55,28.407999999999998,48.41
2026-10-06 05:11:00+02:00,8.930000000000001,28.407999999999998,48.41
2026-10-06 05:12:00+02:00,10.98,28.407999999999998,48.41
2026-10-06 05:13:00+02:00,9.31,28.407999999999998,48.41
2026-10-06 05:14:00+02:00,9.41,28.407999999999998,48.41
2026-10-06 05:15:00+02:00,9.6,39.41266666666666,48.41
2026-10-06 05:16:00+02:00,8.69,39.41266666666666,48.41
2026-10-06 05:17:00+02:00,8.84,39.41266666666666,48.41
2026-10-06 05:18:00+02:00,8.3,39.41266666666666,48.41
2026-10-06 05:19:00+02:00,8.47,39.41266666666666,48.41
2026-10-06 05:20:00+02:00,14.89,39.41266666666666,48.41
2026-10-06 05:21:00+02:00,14.24,39.41266666666666,48.41
2026-10-06 05:22:00+02:00,14.41,39.41266666666666,48.41
2026-10-06 05:23:00+02:00,16.17,39.41266666666666,48.41
2026-10-06 05:24:00+02:00,17.25,39.41266666666666,48.41
2026-10-06 05:25:00+02:00,16.75,39.41266666666666,48.41
2026-10-06 05:26:00+02:00,17.0,39.41266666666666,48.41
2026-10-06 05:27:00+02:00,17.25,39.41266666666666,48.41
2026-10-06 05:28:00+02:00,17.28,39.41266666666666,48.41
2026-10-06 05:29:00+02:00,17.19,39.41266666666666,48.41
2026-10-06 05:30:00+02:00,17.49,34.992,48.41
2026-10-06 05:31:00+02:00,17.12,34.992,48.41
2026-10-06 05:32:00+02:00,16.41,34.992,48.41
2026-10-06 05:33:00+02:00,16.13,34.992,48.41
2026-10-06 05:34:00+02:00,16.98,34.992,48.41
2026-10-06 05:35:00+02:00,32.49,34.992,48.41
2026-10-06 05:36:00+02:00,30.240000000000002,34.992,48.41
2026-10-06 05:37:00+02:00,28.63,34.992,48.41
2026-10-06 05:38:00+02:00,29.299999999999997,34.992,48.41
2026-10-06 05:39:00+02:00,28.659999999999997,34.992,48.41
2026-10-06 05:40:00+02:00,30.15,34.992,48.41
2026-10-06 05:41:00+02:00,31.11,34.992,48.41
2026-10-06 05:42:00+02:00,29.419999999999998,34.992,48.41
2026-10-06 05:43:00+02:00,35.22,34.992,48.41
2026-10-06 05:44:00+02:00,31.450000000000003,34.992,48.41
2026-10-06 05:45:00+02:00,42.42,32.07071428571428,56.79
2026-10-06 05:46:00+02:00,24.72,32.07071428571428,56.79
2026-10-06 05:47:00+02:00,18.55,32.07071428571428,56.79
2026-10-06 05:48:00+02:00,22.72,32.07071428571428,56.79
2026-10-06 05:49:00+02:00,22.619999999999997,32.07071428571428,56.79
2026-10-06 05:50:00+02:00,22.64,32.07071428571428,56.79
2026-10-06 05:51:00+02:00,24.25,32.07071428571428,56.79
2026-10-06 05:52:00+02:00,25.16,32.07071428571428,56.79
2026-10-06 05:53:00+02:00,22.560000000000002,32.07071428571428,56.79
2026-10-06 05:54:00+02:00,23.540000000000003,32.07071428571428,56.79
2026-10-06 05:55:00+02:00,22.07,32.07071428571428,56.79
2026-10-06 05:56:00+02:00,27.71,32.07071428571428,56.79
2026-10-06 05:57:00+02:00,22.32,32.07071428571428,56.79
2026-10-06 05:58:00+02:00,22.75,32.07071428571428,56.79
2026-10-06 05:59:00+02:00,22.26,32.07071428571428,56.79
2026-10-06 06:00:00+02:00,24.240000000000002,31.67733333333333,66.62
2026-10-06 06:01:00+02:00,22.93,31.67733333333333,66.62
2026-10-06 06:02:00+02:00,22.68,31.67733333333333,66.62
2026-10-06 06:03:00+02:00,23.299999999999997,31.67733333333333,66.62
2026-10-06 06:04:00+02:00,29.46,31.67733333333333,66.62
2026-10-06 06:05:00+02:00,23.54,31.67733333333333,66.62
2026-10-06 06:06:00+02:00,24.95,31.67733333333333,66.62
2026-10-06 06:07:00+02:00,24.799999999999997,31.67733333333333,66.62
2026-10-06 06:08:00+02:00,25.12,31.67733333333333,66.62
2026-10-06 06:09:00+02:00,30.29,31.67733333333333,66.62
2026-10-06 06:10:00+02:00,26.459999999999997,31.67733333333333,66.62
2026-10-06 06:11:00+02:00,39.12,31.67733333333333,66.62
2026-10-06 06:12:00+02:00,34.42,31.67733333333333,66.62
2026-10-06 06:13:00+02:00,44.879999999999995,31.67733333333333,66.62
2026-10-06 06:14:00+02:00,60.370000000000005,31.67733333333333,66.62
2026-10-06 06:15:00+02:00,57.230000000000004,39.394666666666666,69.62
2026-10-06 06:16:00+02:00,55.02,39.394666666666666,69.62
2026-10-06 06:17:00+02:00,40.410000000000004,39.394666666666666,69.62
2026-10-06 06:18:00+02:00,38.18000000000001,39.394666666666666,69.62
2026-10-06 06:19:00+02:00,44.14,39.394666666666666,69.62
2026-10-06 06:20:00+02:00,38.36,39.394666666666666,69.62
2026-10-06 06:21:00+02:00,47.71,39.394666666666666,69.62
2026-10-06 06:22:00+02:00,44.5,39.394666666666666,69.62
2026-10-06 06:23:00+02:00,45.59,39.394666666666666,69.62
2026-10-06 06:24:00+02:00,42.08,39.394666666666666,69.62
2026-10-06 06:25:00+02:00,39.94,39.394666666666666,69.62
2026-10-06 06:26:00+02:00,39.440000000000005,39.394666666666666,69.62
2026-10-06 06:27:00+02:00,39.65,39.394666666666666,69.62
2026-10-06 06:28:00+02:00,50.28,39.394666666666666,69.62
2026-10-06 06:29:00+02:00,42.349999999999994,39.394666666666666,69.62
2026-10-06 06:30:00+02:00,46.2,57.54333333333333,69.62
2026-10-06 06:31:00+02:00,40.230000000000004,57.54333333333333,69.62
2026-10-06 06:32:00+02:00,41.53,57.54333333333333,69.62
2026-10-06 06:33:00+02:00,48.26,57.54333333333333,69.62
2026-10-06 06:34:00+02:00,49.69,57.54333333333333,69.62
2026-10-06 06:35:00+02:00,38.669999999999995,57.54333333333333,69.62
2026-10-06 06:36:00+02:00,38.23,57.54333333333333,69.62
2026-10-06 06:37:00+02:00,42.5,57.54333333333333,69.62
2026-10-06 06:38:00+02:00,42.400000000000006,57.54333333333333,69.62
2026-10-06 06:39:00+02:00,44.379999999999995,57.54333333333333,69.62
2026-10-06 06:40:00+02:00,42.949999999999996,57.54333333333333,69.62
2026-10-06 06:41:00+02:00,40.519999999999996,57.54333333333333,69.62
2026-10-06 06:42:00+02:00,42.14,57.54333333333333,69.62
2026-10-06 06:43:00+02:00,40.81,57.54333333333333,69.62
2026-10-06 06:44:00+02:00,40.26,57.54333333333333,69.62
2026-10-06 06:45:00+02:00,51.57,56.22599999999999,69.62
2026-10-06 06:46:00+02:00,51.790000000000006,56.22599999999999,69.62
2026-10-06 06:47:00+02:00,51.74,56.22599999999999,69.62
2026-10-06 06:48:00+02:00,51.91,56.22599999999999,69.62
2026-10-06 06:49:00+02:00,45.12,56.22599999999999,69.62
2026-10-06 06:50:00+02:00,47.080000000000005,56.22599999999999,69.62
2026-10-06 06:51:00+02:00,40.84,56.22599999999999,69.62
2026-10-06 06:52:00+02:00,45.35,56.22599999999999,69.62
2026-10-06 06:53:00+02:00,41.709999999999994,56.22599999999999,69.62
2026-10-06 06:54:00+02:00,36.7,56.22599999999999,69.62
2026-10-06 06:55:00+02:00,39.769999999999996,56.22599999999999,69.62
2026-10-06 06:56:00+02:00,39.29,56.22599999999999,69.62
2026-10-06 06:57:00+02:00,46.33,56.22599999999999,69.62
2026-10-06 06:58:00+02:00,39.86,56.22599999999999,69.62
2026-10-06 06:59:00+02:00,29.919999999999995,56.22599999999999,69.62
2026-10-06 07:00:00+02:00,33.440000000000005,44.79933333333333,71.27000000000001
2026-10-06 07:01:00+02:00,25.16,44.79933333333333,71.27000000000001
2026-10-06 07:02:00+02:00,31.88,44.79933333333333,71.27000000000001
2026-10-06 07:03:00+02:00,30.64,44.79933333333333,71.27000000000001
2026-10-06 07:04:00+02:00,27.310000000000002,44.79933333333333,71.27000000000001
2026-10-06 07:05:00+02:00,27.02,44.79933333333333,71.27000000000001
2026-10-06 07:06:00+02:00,26.849999999999998,44.79933333333333,71.27000000000001
2026-10-06 07:07:00+02:00,30.08,44.79933333333333,71.27000000000001
2026-10-06 07:08:00+02:00,25.14,44.79933333333333,71.27000000000001
2026-10-06 07:09:00+02:00,27.37,44.79933333333333,71.27000000000001
2026-10-06 07:10:00+02:00,28.01,44.79933333333333,71.27000000000001
2026-10-06 07:11:00+02:00,27.06,44.79933333333333,71.27000000000001
2026-10-06 07:12:00+02:00,32.37,44.79933333333333,71.27000000000001
2026-10-06 07:13:00+02:00,25.43,44.79933333333333,71.27000000000001
2026-10-06 07:14:00+02:00,26.82,44.79933333333333,71.27000000000001
2026-10-06 07:15:00+02:00,28.18,44.500666666666675,80.22
2026-10-06 07:16:00+02:00,27.43,44.500666666666675,80.22
2026-10-06 07:17:00+02:00,27.18,44.500666666666675,80.22
2026-10-06 07:18:00+02:00,36.910000000000004,44.500666666666675,80.22
2026-10-06 07:19:00+02:00,39.480000000000004,44.500666666666675,80.22
2026-10-06 07:20:00+02:00,44.04,44.500666666666675,80.22
2026-10-06 07:21:00+02:00,26.71,44.500666666666675,80.22
2026-10-06 07:22:00+02:00,33.150000000000006,44.500666666666675,80.22
2026-10-06 07:23:00+02:00,29.169999999999998,44.500666666666675,80.22
2026-10-06 07:24:00+02:00,32.08,44.500666666666675,80.22
2026-10-06 07:25:00+02:00,28.209999999999997,44.500666666666675,80.22
2026-10-06 07:26:00+02:00,33.160000000000004,44.500666666666675,80.22
2026-10-06 07:27:00+02:00,29.37,44.500666666666675,80.22
2026-10-06 07:28:00+02:00,28.36,44.500666666666675,80.22
2026-10-06 07:29:00+02:00,27.8,44.500666666666675,80.22
2026-10-06 07:30:00+02:00,30.0,50.580000000000005,80.22
2026-10-06 07:31:00+02:00,26.009999999999998,50.580000000000005,80.22
2026-10-06 07:32:00+02:00,30.65,50.580000000000005,80.22
2026-10-06 07:33:00+02:00,28.11,50.580000000000005,80.22
2026-10-06 07:34:00+02:00,29.439999999999998,50.580000000000005,80.22
2026-10-06 07:35:00+02:00,27.93,50.580000000000005,80.22
2026-10-06 07:36:00+02:00,25.79,50.580000000000005,80.22
2026-10-06 07:37:00+02:00,27.340000000000003,50.580000000000005,80.22
2026-10-06 07:38:00+02:00,25.13,50.580000000000005,80.22
2026-10-06 07:39:00+02:00,25.34,50.580000000000005,80.22
2026-10-06 07:40:00+02:00,25.18,50.580000000000005,80.22
2026-10-06 07:41:00+02:00,28.5,50.580000000000005,80.22
2026-10-06 07:42:00+02:00,43.53,50.580000000000005,80.22
2026-10-06 07:43:00+02:00,39.57,50.580000000000005,80.22
2026-10-06 07:44:00+02:00,46.02,50.580000000000005,80.22
2026-10-06 07:45:00+02:00,34.21,66.32999999999998,80.22
2026-10-06 07:46:00+02:00,27.53,66.32999999999998,80.22
2026-10-06 07:47:00+02:00,33.13,66.32999999999998,80.22
2026-10-06 07:48:00+02:00,37.42,66.32999999999998,80.22
2026-10-06 07:49:00+02:00,28.200000000000003,66.32999999999998,80.22
2026-10-06 07:50:00+02:00,24.689999999999998,66.32999999999998,80.22
2026-10-06 07:51:00+02:00,27.269999999999996,66.32999999999998,80.22
2026-10-06 07:52:00+02:00,35.26,66.32999999999998,80.22
2026-10-06 07:53:00+02:00,28.299999999999997,66.32999999999998,80.22
2026-10-06 07:54:00+02:00,31.189999999999998,66.32999999999998,80.22
2026-10-06 07:55:00+02:00,28.41,66.32999999999998,80.22
2026-10-06 07:56:00+02:00,28.8,66.32999999999998,80.22
2026-10-06 07:57:00+02:00,31.46,66.32999999999998,80.22
2026-10-06 07:58:00+02:00,31.52,66.32999999999998,80.22
2026-10-06 07:59:00+02:00,40.190000000000005,66.32999999999998,80.22
2026-10-06 08:00:00+02:00,32.01,37.66333333333334,80.22
2026-10-06 08:01:00+02:00,33.04,37.66333333333334,80.22
2026-10-06 08:02:00+02:00,28.029999999999998,37.66333333333334,80.22
2026-10-06 08:03:00+02:00,30.700000000000003,37.66333333333334,80.22
2026-10-06 08:04:00+02:00,28.640000000000004,37.66333333333334,80.22
2026-10-06 08:05:00+02:00,28.82,37.66333333333334,80.22
2026-10-06 08:06:00+02:00,29.96,37.66333333333334,80.22
2026-10-06 08:07:00+02:00,29.09,37.66333333333334,80.22
2026-10-06 08:08:00+02:00,27.36,37.66333333333334,80.22
2026-10-06 08:09:00+02:00,25.82,37.66333333333334,80.22
2026-10-06 08:10:00+02:00,43.13,37.66333333333334,80.22
2026-10-06 08:11:00+02:00,41.47,37.66333333333334,80.22
2026-10-06 08:12:00+02:00,39.53,37.66333333333334,80.22
2026-10-06 08:13:00+02:00,39.870000000000005,37.66333333333334,80.22
2026-10-06 08:14:00+02:00,28.06,37.66333333333334,80.22
2026-10-06 08:15:00+02:00,27.440000000000005,39.276,80.22
2026-10-06 08:16:00+02:00,27.01,39.276,80.22
2026-10-06 08:17:00+02:00,32.94,39.276,80.22
2026-10-06 08:18:00+02:00,25.28,39.276,80.22
2026-10-06 08:19:00+02:00,29.689999999999998,39.276,80.22
2026-10-06 08:20:00+02:00,27.36,39.276,80.22
2026-10-06 08:21:00+02:00,26.66,39.276,80.22
2026-10-06 08:22:00+02:00,29.91,39.276,80.22
2026-10-06 08:23:00+02:00,27.43,39.276,80.22
2026-10-06 08:24:00+02:00,33.9,39.276,80.22
2026-10-06 08:25:00+02:00,32.989999999999995,39.276,80.22
2026-10-06 08:26:00+02:00,29.37,39.276,80.22
2026-10-06 08:27:00+02:00,35.9,39.276,80.22
2026-10-06 08:28:00+02:00,28.58,39.276,80.22
2026-10-06 08:29:00+02:00,32.78,39.276,80.22
2026-10-06 08:30:00+02:00,35.730000000000004,40.84866666666666,68.94999999999999
2026-10-06 08:31:00+02:00,28.68,40.84866666666666,68.94999999999999
2026-10-06 08:32:00+02:00,32.86,40.84866666666666,68.94999999999999
2026-10-06 08:33:00+02:00,31.159999999999997,40.84866666666666,68.94999999999999
2026-10-06 08:34:00+02:00,32.37,40.84866666666666,68.94999999999999
2026-10-06 08:35:00+02:00,31.450000000000003,40.84866666666666,68.94999999999999
2026-10-06 08:36:00+02:00,40.260000000000005,40.84866666666666,68.94999999999999
2026-10-06 08:37:00+02:00,42.65,40.84866666666666,68.94999999999999
2026-10-06 08:38:00+02:00,40.47,40.84866666666666,68.94999999999999
2026-10-06 08:39:00+02:00,60.06,40.84866666666666,68.94999999999999
2026-10-06 08:40:00+02:00,60.120000000000005,40.84866666666666,68.94999999999999
2026-10-06 08:41:00+02:00,65.51,40.84866666666666,68.94999999999999
2026-10-06 08:42:00+02:00,69.49,40.84866666666666,68.94999999999999
2026-10-06 08:43:00+02:00,56.94,40.84866666666666,68.94999999999999
2026-10-06 08:44:00+02:00,57.75,40.84866666666666,68.94999999999999
2026-10-06 08:45:00+02:00,52.43,46.994,68.94999999999999
2026-10-06 08:46:00+02:00,61.48,46.994,68.94999999999999
2026-10-06 08:47:00+02:00,53.769999999999996,46.994,68.94999999999999
2026-10-06 08:48:00+02:00,63.11,46.994,68.94999999999999
2026-10-06 08:49:00+02:00,56.46,46.994,68.94999999999999
2026-10-06 08:50:00+02:00,56.67,46.994,68.94999999999999
2026-10-06 08:51:00+02:00,62.0,46.994,68.94999999999999
2026-10-06 08:52:00+02:00,65.24,46.994,68.94999999999999
2026-10-06 08:53:00+02:00,61.96000000000001,46.994,68.94999999999999
2026-10-06 08:54:00+02:00,64.63,46.994,68.94999999999999
2026-10-06 08:55:00+02:00,54.98,46.994,68.94999999999999
2026-10-06 08:56:00+02:00,56.660000000000004,46.994,68.94999999999999
2026-10-06 08:57:00+02:00,65.23,46.994,68.94999999999999
2026-10-06 08:58:00+02:00,53.730000000000004,46.994,68.94999999999999
2026-10-06 08:59:00+02:00,28.560000000000002,46.994,68.94999999999999
2026-10-06 09:00:00+02:00,36.32,51.08933333333333,68.94999999999999
2026-10-06 09:01:00+02:00,31.68,51.08933333333333,68.94999999999999
2026-10-06 09:02:00+02:00,35.959999999999994,51.08933333333333,68.94999999999999
2026-10-06 09:03:00+02:00,31.849999999999998,51.08933333333333,68.94999999999999
2026-10-06 09:04:00+02:00,43.65,51.08933333333333,68.94999999999999
2026-10-06 09:05:00+02:00,32.589999999999996,51.08933333333333,68.94999999999999
2026-10-06 09:06:00+02:00,30.080000000000002,51.08933333333333,68.94999999999999
2026-10-06 09:07:00+02:00,36.88,51.08933333333333,68.94999999999999
2026-10-06 09:08:00+02:00,31.32,51.08933333333333,68.94999999999999
2026-10-06 09:09:00+02:00,38.900000000000006,51.08933333333333,68.94999999999999
2026-10-06 09:10:00+02:00,33.71,51.08933333333333,68.94999999999999
2026-10-06 09:11:00+02:00,32.18,51.08933333333333,68.94999999999999
2026-10-06 09:12:00+02:00,29.85,51.08933333333333,68.94999999999999
2026-10-06 09:13:00+02:00,31.1,51.08933333333333,68.94999999999999
2026-10-06 09:14:00+02:00,37.19,51.08933333333333,68.94999999999999
2026-10-06 09:15:00+02:00,29.27,50.30599999999999,68.94999999999999
2026-10-06 09:16:00+02:00,46.69,50.30599999999999,68.94999999999999
2026-10-06 09:17:00+02:00,41.06,50.30599999999999,68.94999999999999
2026-10-06 09:18:00+02:00,45.040000000000006,50.30599999999999,68.94999999999999
2026-10-06 09:19:00+02:00,29.090000000000003,50.30599999999999,68.94999999999999
2026-10-06 09:20:00+02:00,28.72,50.30599999999999,68.94999999999999
2026-10-06 09:21:00+02:00,29.6,50.30599999999999,68.94999999999999
2026-10-06 09:22:00+02:00,26.9,50.30599999999999,68.94999999999999
2026-10-06 09:23:00+02:00,31.22,50.30599999999999,68.94999999999999
2026-10-06 09:24:00+02:00,31.009999999999998,50.30599999999999,68.94999999999999
2026-10-06 09:25:00+02:00,28.349999999999998,50.30599999999999,68.94999999999999
2026-10-06 09:26:00+02:00,26.92,50.30599999999999,68.94999999999999
2026-10-06 09:27:00+02:00,22.7,50.30599999999999,68.94999999999999
2026-10-06 09:28:00+02:00,29.770000000000003,50.30599999999999,68.94999999999999
2026-10-06 09:29:00+02:00,31.15,50.30599999999999,68.94999999999999
2026-10-06 09:30:00+02:00,32.62,48.81933333333333,68.94999999999999
2026-10-06 09:31:00+02:00,29.049999999999997,48.81933333333333,68.94999999999999
2026-10-06 09:32:00+02:00,29.37,48.81933333333333,68.94999999999999
2026-10-06 09:33:00+02:00,28.939999999999998,48.81933333333333,68.94999999999999
2026-10-06 09:34:00+02:00,34.25,48.81933333333333,68.94999999999999
2026-10-06 09:35:00+02:00,29.32,48.81933333333333,68.94999999999999
2026-10-06 09:36:00+02:00,25.229999999999997,48.81933333333333,68.94999999999999
2026-10-06 09:37:00+02:00,23.939999999999998,48.81933333333333,68.94999999999999
2026-10-06 09:38:00+02:00,46.91,48.81933333333333,68.94999999999999
2026-10-06 09:39:00+02:00,44.71,48.81933333333333,68.94999999999999
2026-10-06 09:40:00+02:00,46.370000000000005,48.81933333333333,68.94999999999999
2026-10-06 09:41:00+02:00,40.66,48.81933333333333,68.94999999999999
2026-10-06 09:42:00+02:00,41.57,48.81933333333333,68.94999999999999
2026-10-06 09:43:00+02:00,26.31,48.81933333333333,68.94999999999999
2026-10-06 09:44:00+02:00,31.249999999999996,48.81933333333333,68.94999999999999
2026-10-06 09:45:00+02:00,26.990000000000002,36.215999999999994,72.14699999999999
2026-10-06 09:46:00+02:00,25.740000000000002,36.215999999999994,72.14699999999999
2026-10-06 09:47:00+02:00,41.62,36.215999999999994,72.14699999999999
2026-10-06 09:48:00+02:00,,36.215999999999994,72.14699999999999
2026-10-06 09:49:00+02:00,42.620000000000005,36.215999999999994,72.14699999999999
2026-10-06 09:50:00+02:00,38.03,36.215999999999994,72.14699999999999
2026-10-06 09:51:00+02:00,27.54,36.215999999999994,72.14699999999999
2026-10-06 09:52:00+02:00,26.840000000000003,36.215999999999994,72.14699999999999
2026-10-06 09:53:00+02:00,28.849999999999998,36.215999999999994,72.14699999999999
2026-10-06 09:54:00+02:00,42.85,36.215999999999994,72.14699999999999
2026-10-06 09:55:00+02:00,46.79,36.215999999999994,72.14699999999999
2026-10-06 09:56:00+02:00,24.410000000000004,36.215999999999994,72.14699999999999
2026-10-06 09:57:00+02:00,29.240000000000002,36.215999999999994,72.14699999999999
2026-10-06 09:58:00+02:00,29.869999999999997,36.215999999999994,72.14699999999999
2026-10-06 09:59:00+02:00,35.82,36.215999999999994,72.14699999999999
2026-10-06 10:00:00+02:00,39.46,35.205999999999996,80.45
2026-10-06 10:01:00+02:00,29.71,35.205999999999996,80.45
2026-10-06 10:02:00+02:00,31.410000000000004,35.205999999999996,80.45
2026-10-06 10:03:00+02:00,28.83,35.205999999999996,80.45
2026-10-06 10:04:00+02:00,29.009999999999998,35.205999999999996,80.45
2026-10-06 10:05:00+02:00,31.13,35.205999999999996,80.45
2026-10-06 10:06:00+02:00,30.88,35.205999999999996,80.45
2026-10-06 10:07:00+02:00,29.15,35.205999999999996,80.45
2026-10-06 10:08:00+02:00,35.800000000000004,35.205999999999996,80.45
2026-10-06 10:09:00+02:00,33.580000000000005,35.205999999999996,80.45
2026-10-06 10:10:00+02:00,38.519999999999996,35.205999999999996,80.45
2026-10-06 10:11:00+02:00,33.73,35.205999999999996,80.45
2026-10-06 10:12:00+02:00,36.919999999999995,35.205999999999996,80.45
2026-10-06 10:13:00+02:00,31.45,35.205999999999996,80.45
2026-10-06 10:14:00+02:00,32.9,35.205999999999996,80.45
2026-10-06 10:15:00+02:00,31.189999999999998,49.582,80.45
2026-10-06 10:16:00+02:00,31.560000000000002,49.582,80.45
2026-10-06 10:17:00+02:00,31.55,49.582,80.45
2026-10-06 10:18:00+02:00,48.97,49.582,80.45
2026-10-06 10:19:00+02:00,49.84,49.582,80.45
2026-10-06 10:20:00+02:00,49.32,49.582,80.45
2026-10-06 10:21:00+02:00,30.91,49.582,80.45
2026-10-06 10:22:00+02:00,32.96,49.582,80.45
2026-10-06 10:23:00+02:00,31.419999999999998,49.582,80.45
2026-10-06 10:24:00+02:00,35.72,49.582,80.45
2026-10-06 10:25:00+02:00,34.06,49.582,80.45
2026-10-06 10:26:00+02:00,29.679999999999996,49.582,80.45
2026-10-06 10:27:00+02:00,34.15,49.582,80.45
2026-10-06 10:28:00+02:00,27.89,49.582,80.45
2026-10-06 10:29:00+02:00,30.779999999999998,49.582,80.45
2026-10-06 10:30:00+02:00,30.04,65.90866666666666,80.45
2026-10-06 10:31:00+02:00,27.940000000000005,65.90866666666666,80.45
2026-10-06 10:32:00+02:00,34.57000000000001,65.90866666666666,80.45
2026-10-06 10:33:00+02:00,31.560000000000002,65.90866666666666,80.45
2026-10-06 10:34:00+02:00,30.75,65.90866666666666,80.45
2026-10-06 10:35:00+02:00,32.11,65.90866666666666,80.45
2026-10-06 10:36:00+02:00,35.32,65.90866666666666,80.45
2026-10-06 10:37:00+02:00,36.62,65.90866666666666,80.45
2026-10-06 10:38:00+02:00,30.869999999999997,65.90866666666666,80.45
2026-10-06 10:39:00+02:00,35.43000000000001,65.90866666666666,80.45
2026-10-06 10:40:00+02:00,31.889999999999997,65.90866666666666,80.45
2026-10-06 10:41:00+02:00,40.49,65.90866666666666,80.45
2026-10-06 10:42:00+02:00,39.8,65.90866666666666,80.45
2026-10-06 10:43:00+02:00,41.3,65.90866666666666,80.45
2026-10-06 10:44:00+02:00,42.92,65.90866666666666,80.45
2026-10-06 10:45:00+02:00,30.67,61.85133333333333,80.45
2026-10-06 10:46:00+02:00,32.46,61.85133333333333,80.45
2026-10-06 10:47:00+02:00,30.22,61.85133333333333,80.45
2026-10-06 10:48:00+02:00,32.11,61.85133333333333,80.45
2026-10-06 10:49:00+02:00,30.77,61.85133333333333,80.45
2026-10-06 10:50:00+02:00,36.43,61.85133333333333,80.45
2026-10-06 10:51:00+02:00,31.330000000000002,61.85133333333333,80.45
2026-10-06 10:52:00+02:00,29.150000000000002,61.85133333333333,80.45
2026-10-06 10:53:00+02:00,29.68,61.85133333333333,80.45
2026-10-06 10:54:00+02:00,28.35,61.85133333333333,80.45
2026-10-06 10:55:00+02:00,30.68,61.85133333333333,80.45
2026-10-06 10:56:00+02:00,,61.85133333333333,80.45
2026-10-06 10:57:00+02:00,29.409999999999997,61.85133333333333,80.45
2026-10-06 10:58:00+02:00,31.47,61.85133333333333,80.45
2026-10-06 10:59:00+02:00,32.9,61.85133333333333,80.45
2026-10-06 11:00:00+02:00,33.44,44.91685714285714,80.45
2026-10-06 11:01:00+02:00,34.019999999999996,44.91685714285714,80.45
2026-10-06 11:02:00+02:00,29.96,44.91685714285714,80.45
2026-10-06 11:03:00+02:00,34.879999999999995,44.91685714285714,80.45
2026-10-06 11:04:00+02:00,37.97,44.91685714285714,80.45
2026-10-06 11:05:00+02:00,41.58,44.91685714285714,80.45
2026-10-06 11:06:00+02:00,44.85,44.91685714285714,80.45
2026-10-06 11:07:00+02:00,36.91,44.91685714285714,80.45
2026-10-06 11:08:00+02:00,35.15,44.91685714285714,80.45
2026-10-06 11:09:00+02:00,32.47,44.91685714285714,80.45
2026-10-06 11:10:00+02:00,38.17,44.91685714285714,80.45
2026-10-06 11:11:00+02:00,32.29,44.91685714285714,80.45
2026-10-06 11:12:00+02:00,28.339999999999996,44.91685714285714,80.45
2026-10-06 11:13:00+02:00,30.64,44.91685714285714,80.45
2026-10-06 11:14:00+02:00,30.94,44.91685714285714,80.45
2026-10-06 11:15:00+02:00,30.679999999999996,41.093999999999994,76.42
2026-10-06 11:16:00+02:00,29.990000000000002,41.093999999999994,76.42
2026-10-06 11:17:00+02:00,29.970000000000002,41.093999999999994,76.42
2026-10-06 11:18:00+02:00,37.95,41.093999999999994,76.42
2026-10-06 11:19:00+02:00,36.730000000000004,41.093999999999994,76.42
2026-10-06 11:20:00+02:00,29.759999999999998,41.093999999999994,76.42
2026-10-06 11:21:00+02:00,32.61,41.093999999999994,76.42
2026-10-06 11:22:00+02:00,36.45,41.093999999999994,76.42
2026-10-06 11:23:00+02:00,32.199999999999996,41.093999999999994,76.42
2026-10-06 11:24:00+02:00,31.42,41.093999999999994,76.42
2026-10-06 11:25:00+02:00,33.480000000000004,41.093999999999994,76.42
2026-10-06 11:26:00+02:00,28.529999999999998,41.093999999999994,76.42
2026-10-06 11:27:00+02:00,28.71,41.093999999999994,76.42
2026-10-06 11:28:00+02:00,31.639999999999997,41.093999999999994,76.42
2026-10-06 11:29:00+02:00,39.28,41.093999999999994,76.42
2026-10-06 11:30:00+02:00,44.25,49.870666666666665,76.42
2026-10-06 11:31:00+02:00,44.83,49.870666666666665,76.42
2026-10-06 11:32:00+02:00,29.810000000000002,49.870666666666665,76.42
2026-10-06 11:33:00+02:00,30.69,49.870666666666665,76.42
2026-10-06 11:34:00+02:00,36.699999999999996,49.870666666666665,76.42
2026-10-06 11:35:00+02:00,32.1,49.870666666666665,76.42
2026-10-06 11:36:00+02:00,37.08,49.870666666666665,76.42
2026-10-06 11:37:00+02:00,42.480000000000004,49.870666666666665,76.42
2026-10-06 11:38:00+02:00,44.0,49.870666666666665,76.42
2026-10-06 11:39:00+02:00,48.2,49.870666666666665,76.42
2026-10-06 11:40:00+02:00,41.019999999999996,49.870666666666665,76.42
2026-10-06 11:41:00+02:00,48.73,49.870666666666665,76.42
2026-10-06 11:42:00+02:00,50.839999999999996,49.870666666666665,76.42
2026-10-06 11:43:00+02:00,55.72,49.870666666666665,76.42
2026-10-06 11:44:00+02:00,51.870000000000005,49.870666666666665,76.42
2026-10-06 11:45:00+02:00,56.980000000000004,46.896,76.42
2026-10-06 11:46:00+02:00,48.41,46.896,76.42
2026-10-06 11:47:00+02:00,49.53,46.896,76.42
2026-10-06 11:48:00+02:00,52.88,46.896,76.42
2026-10-06 11:49:00+02:00,50.949999999999996,46.896,76.42
2026-10-06 11:50:00+02:00,51.67,46.896,76.42
2026-10-06 11:51:00+02:00,55.59,46.896,76.42
2026-10-06 11:52:00+02:00,54.239999999999995,46.896,76.42
2026-10-06 11:53:00+02:00,52.22,46.896,76.42
2026-10-06 11:54:00+02:00,61.84,46.896,76.42
2026-10-06 11:55:00+02:00,55.17,46.896,76.42
2026-10-06 11:56:00+02:00,54.18,46.896,76.42
2026-10-06 11:57:00+02:00,54.22,46.896,76.42
2026-10-06 11:58:00+02:00,42.480000000000004,46.896,76.42
2026-10-06 11:59:00+02:00,31.759999999999998,46.896,76.42
2026-10-06 12:00:00+02:00,31.89,50.90533333333333,76.42
2026-10-06 12:01:00+02:00,31.65,50.90533333333333,76.42
2026-10-06 12:02:00+02:00,30.61,50.90533333333333,76.42
2026-10-06 12:03:00+02:00,30.069999999999997,50.90533333333333,76.42
2026-10-06 12:04:00+02:00,28.53,50.90533333333333,76.42
2026-10-06 12:05:00+02:00,29.12,50.90533333333333,76.42
2026-10-06 12:06:00+02:00,39.519999999999996,50.90533333333333,76.42
2026-10-06 12:07:00+02:00,32.94,50.90533333333333,76.42
2026-10-06 12:08:00+02:00,38.470000000000006,50.90533333333333,76.42
2026-10-06 12:09:00+02:00,25.489999999999995,50.90533333333333,76.42
2026-10-06 12:10:00+02:00,30.839999999999996,50.90533333333333,76.42
2026-10-06 12:11:00+02:00,29.720000000000002,50.90533333333333,76.42
2026-10-06 12:12:00+02:00,27.099999999999998,50.90533333333333,76.42
2026-10-06 12:13:00+02:00,27.339999999999996,50.90533333333333,76.42
2026-10-06 12:14:00+02:00,27.85,50.90533333333333,76.42
2026-10-06 12:15:00+02:00,26.519999999999996,55.794000000000004,76.29
2026-10-06 12:16:00+02:00,25.72,55.794000000000004,76.29
2026-10-06 12:17:00+02:00,26.360000000000003,55.794000000000004,76.29
2026-10-06 12:18:00+02:00,27.32,55.794000000000004,76.29
2026-10-06 12:19:00+02:00,30.479999999999997,55.794000000000004,76.29
2026-10-06 12:20:00+02:00,27.790000000000003,55.794000000000004,76.29
2026-10-06 12:21:00+02:00,28.03,55.794000000000004,76.29
2026-10-06 12:22:00+02:00,25.859999999999996,55.794000000000004,76.29
2026-10-06 12:23:00+02:00,26.040000000000003,55.794000000000004,76.29
2026-10-06 12:24:00+02:00,29.5,55.794000000000004,76.29
2026-10-06 12:25:00+02:00,29.59,55.794000000000004,76.29
2026-10-06 12:26:00+02:00,30.460000000000004,55.794000000000004,76.29
2026-10-06 12:27:00+02:00,27.709999999999997,55.794000000000004,76.29
2026-10-06 12:28:00+02:00,27.750000000000004,55.794000000000004,76.29
2026-10-06 12:29:00+02:00,26.910000000000004,55.794000000000004,76.29
2026-10-06 12:30:00+02:00,26.42,57.23076190476191,76.29
2026-10-06 12:31:00+02:00,26.900000000000002,57.23076190476191,76.29
2026-10-06 12:32:00+02:00,27.95,57.23076190476191,76.29
2026-10-06 12:33:00+02:00,26.48,57.23076190476191,76.29
2026-10-06 12:34:00+02:00,31.92,57.23076190476191,76.29
2026-10-06 12:35:00+02:00,28.57,57.23076190476191,76.29
2026-10-06 12:36:00+02:00,29.18,57.23076190476191,76.29
2026-10-06 12:37:00+02:00,26.75,57.23076190476191,76.29
2026-10-06 12:38:00+02:00,28.379999999999995,57.23076190476191,76.29
2026-10-06 12:39:00+02:00,29.87,57.23076190476191,76.29
2026-10-06 12:40:00+02:00,29.47,57.23076190476191,76.29
2026-10-06 12:41:00+02:00,27.16,57.23076190476191,76.29
2026-10-06 12:42:00+02:00,27.77,57.23076190476191,76.29
2026-10-06 12:43:00+02:00,28.110000000000003,57.23076190476191,76.29
2026-10-06 12:44:00+02:00,32.68,57.23076190476191,76.29
2026-10-06 12:45:00+02:00,27.729999999999997,45.63066666666667,76.29
2026-10-06 12:46:00+02:00,32.910000000000004,45.63066666666667,76.29
2026-10-06 12:47:00+02:00,,45.63066666666667,76.29
2026-10-06 12:48:00+02:00,27.0,45.63066666666667,76.29
2026-10-06 12:49:00+02:00,34.370000000000005,45.63066666666667,76.29
2026-10-06 12:50:00+02:00,30.17,45.63066666666667,76.29
2026-10-06 12:51:00+02:00,34.019999999999996,45.63066666666667,76.29
2026-10-06 12:52:00+02:00,28.089999999999996,45.63066666666667,76.29
2026-10-06 12:53:00+02:00,28.54,45.63066666666667,76.29
2026-10-06 12:54:00+02:00,27.080000000000002,45.63066666666667,76.29
2026-10-06 12:55:00+02:00,39.17999999999999,45.63066666666667,76.29
2026-10-06 12:56:00+02:00,43.760000000000005,45.63066666666667,76.29
2026-10-06 12:57:00+02:00,40.03,45.63066666666667,76.29
2026-10-06 12:58:00+02:00,28.6,45.63066666666667,76.29
2026-10-06 12:59:00+02:00,28.860000000000003,45.63066666666667,76.29
2026-10-06 13:00:00+02:00,33.86,45.733999999999995,70.07399999999998
2026-10-06 13:01:00+02:00,34.019999999999996,45.733999999999995,70.07399999999998
2026-10-06 13:02:00+02:00,33.339999999999996,45.733999999999995,70.07399999999998
2026-10-06 13:03:00+02:00,33.410000000000004,45.733999999999995,70.07399999999998
2026-10-06 13:04:00+02:00,34.769999999999996,45.733999999999995,70.07399999999998
2026-10-06 13:05:00+02:00,35.81,45.733999999999995,70.07399999999998
2026-10-06 13:06:00+02:00,36.81,45.733999999999995,70.07399999999998
2026-10-06 13:07:00+02:00,33.03,45.733999999999995,70.07399999999998
2026-10-06 13:08:00+02:00,36.86,45.733999999999995,70.07399999999998
2026-10-06 13:09:00+02:00,33.81,45.733999999999995,70.07399999999998
2026-10-06 13:10:00+02:00,41.93,45.733999999999995,70.07399999999998
2026-10-06 13:11:00+02:00,36.82,45.733999999999995,70.07399999999998
2026-10-06 13:12:00+02:00,31.369999999999997,45.733999999999995,70.07399999999998
2026-10-06 13:13:00+02:00,32.42,45.733999999999995,70.07399999999998
2026-10-06 13:14:00+02:00,33.849999999999994,45.733999999999995,70.07399999999998
2026-10-06 13:15:00+02:00,40.39,35.96866666666668,70.07399999999998
2026-10-06 13:16:00+02:00,34.87,35.96866666666668,70.07399999999998
2026-10-06 13:17:00+02:00,34.79,35.96866666666668,70.07399999999998
2026-10-06 13:18:00+02:00,35.56,35.96866666666668,70.07399999999998
2026-10-06 13:19:00+02:00,35.23,35.96866666666668,70.07399999999998
2026-10-06 13:20:00+02:00,37.510000000000005,35.96866666666668,70.07399999999998
2026-10-06 13:21:00+02:00,32.84,35.96866666666668,70.07399999999998
2026-10-06 13:22:00+02:00,29.4,35.96866666666668,70.07399999999998
2026-10-06 13:23:00+02:00,32.5,35.96866666666668,70.07399999999998
2026-10-06 13:24:00+02:00,34.160000000000004,35.96866666666668,70.07399999999998
2026-10-06 13:25:00+02:00,35.85,35.96866666666668,70.07399999999998
2026-10-06 13:26:00+02:00,36.03,35.96866666666668,70.07399999999998
2026-10-06 13:27:00+02:00,35.540000000000006,35.96866666666668,70.07399999999998
2026-10-06 13:28:00+02:00,33.95,35.96866666666668,70.07399999999998
2026-10-06 13:29:00+02:00,37.959999999999994,35.96866666666668,70.07399999999998
2026-10-06 13:30:00+02:00,40.67999999999999,40.54933333333332,70.07399999999998
2026-10-06 13:31:00+02:00,10.020000000000003,40.54933333333332,70.07399999999998
2026-10-06 13:32:00+02:00,18.549999999999997,40.54933333333332,70.07399999999998
2026-10-06 13:33:00+02:00,35.43000000000001,40.54933333333332,70.07399999999998
2026-10-06 13:34:00+02:00,25.330000000000002,40.54933333333332,70.07399999999998
2026-10-06 13:35:00+02:00,23.22,40.54933333333332,70.07399999999998
2026-10-06 13:36:00+02:00,24.080000000000002,40.54933333333332,70.07399999999998
2026-10-06 13:37:00+02:00,19.560000000000002,40.54933333333332,70.07399999999998
2026-10-06 13:38:00+02:00,45.300000000000004,40.54933333333332,70.07399999999998
2026-10-06 13:39:00+02:00,38.199999999999996,40.54933333333332,70.07399999999998
2026-10-06 13:40:00+02:00,46.19,40.54933333333332,70.07399999999998
2026-10-06 13:41:00+02:00,19.77,40.54933333333332,70.07399999999998
2026-10-06 13:42:00+02:00,27.58,40.54933333333332,70.07399999999998
2026-10-06 13:43:00+02:00,19.92,40.54933333333332,70.07399999999998
2026-10-06 13:44:00+02:00,26.25,40.54933333333332,70.07399999999998
2026-10-06 13:45:00+02:00,21.83,26.277333333333335,70.07399999999998
2026-10-06 13:46:00+02:00,27.240000000000002,26.277333333333335,70.07399999999998
2026-10-06 13:47:00+02:00,21.689999999999998,26.277333333333335,70.07399999999998
2026-10-06 13:48:00+02:00,2.870000000000001,26.277333333333335,70.07399999999998
2026-10-06 13:49:00+02:00,4.18,26.277333333333335,70.07399999999998
2026-10-06 13:50:00+02:00,22.91,26.277333333333335,70.07399999999998
2026-10-06 13:51:00+02:00,14.01,26.277333333333335,70.07399999999998
2026-10-06 13:52:00+02:00,18.24,26.277333333333335,70.07399999999998
2026-10-06 13:53:00+02:00,14.149999999999999,26.277333333333335,70.07399999999998
2026-10-06 13:54:00+02:00,14.280000000000001,26.277333333333335,70.07399999999998
2026-10-06 13:55:00+02:00,17.750000000000004,26.277333333333335,70.07399999999998
2026-10-06 13:56:00+02:00,22.990000000000002,26.277333333333335,70.07399999999998
2026-10-06 13:57:00+02:00,15.299999999999997,26.277333333333335,70.07399999999998
2026-10-06 13:58:00+02:00,16.880000000000003,26.277333333333335,70.07399999999998
2026-10-06 13:59:00+02:00,20.52,26.277333333333335,70.07399999999998
2026-10-06 14:00:00+02:00,13.130000000000003,21.801333333333332,59.980000000000004
2026-10-06 14:01:00+02:00,15.149999999999999,21.801333333333332,59.980000000000004
2026-10-06 14:02:00+02:00,16.700000000000003,21.801333333333332,59.980000000000004
2026-10-06 14:03:00+02:00,15.55,21.801333333333332,59.980000000000004
2026-10-06 14:04:00+02:00,12.420000000000002,21.801333333333332,59.980000000000004
2026-10-06 14:05:00+02:00,11.93,21.801333333333332,59.980000000000004
2026-10-06 14:06:00+02:00,9.59,21.801333333333332,59.980000000000004
2026-10-06 14:07:00+02:00,22.169999999999998,21.801333333333332,59.980000000000004
2026-10-06 14:08:00+02:00,9.520000000000003,21.801333333333332,59.980000000000004
2026-10-06 14:09:00+02:00,11.0,21.801333333333332,59.980000000000004
2026-10-06 14:10:00+02:00,11.309999999999999,21.801333333333332,59.980000000000004
2026-10-06 14:11:00+02:00,14.269999999999996,21.801333333333332,59.980000000000004
2026-10-06 14:12:00+02:00,12.489999999999995,21.801333333333332,59.980000000000004
2026-10-06 14:13:00+02:00,5.840000000000003,21.801333333333332,59.980000000000004
2026-10-06 14:14:00+02:00,7.920000000000002,21.801333333333332,59.980000000000004
2026-10-06 14:15:00+02:00,5.600000000000001,19.569333333333333,41.09400000000001
2026-10-06 14:16:00+02:00,13.119999999999997,19.569333333333333,41.09400000000001
2026-10-06 14:17:00+02:00,13.520000000000003,19.569333333333333,41.09400000000001
2026-10-06 14:18:00+02:00,16.86,19.569333333333333,41.09400000000001
2026-10-06 14:19:00+02:00,15.740000000000009,19.569333333333333,41.09400000000001
2026-10-06 14:20:00+02:00,7.929999999999993,19.569333333333333,41.09400000000001
2026-10-06 14:21:00+02:00,13.730000000000004,19.569333333333333,41.09400000000001
2026-10-06 14:22:00+02:00,29.159999999999997,19.569333333333333,41.09400000000001
2026-10-06 14:23:00+02:00,26.689999999999998,19.569333333333333,41.09400000000001
2026-10-06 14:24:00+02:00,28.1,19.569333333333333,41.09400000000001
2026-10-06 14:25:00+02:00,3.6300000000000026,19.569333333333333,41.09400000000001
2026-10-06 14:26:00+02:00,13.069999999999993,19.569333333333333,41.09400000000001
2026-10-06 14:27:00+02:00,9.71,19.569333333333333,41.09400000000001
2026-10-06 14:28:00+02:00,8.630000000000003,19.569333333333333,41.09400000000001
2026-10-06 14:29:00+02:00,8.909999999999997,19.569333333333333,41.09400000000001
2026-10-06 14:30:00+02:00,13.790000000000003,23.89066666666666,41.09400000000001
2026-10-06 14:31:00+02:00,1.1099999999999994,23.89066666666666,41.09400000000001
2026-10-06 14:32:00+02:00,17.770000000000003,23.89066666666666,41.09400000000001
2026-10-06 14:33:00+02:00,10.2,23.89066666666666,41.09400000000001
2026-10-06 14:34:00+02:00,10.129999999999999,23.89066666666666,41.09400000000001
2026-10-06 14:35:00+02:00,-1.9400000000000048,23.89066666666666,41.09400000000001
2026-10-06 14:36:00+02:00,7.059999999999995,23.89066666666666,41.09400000000001
2026-10-06 14:37:00+02:00,11.649999999999999,23.89066666666666,41.09400000000001
2026-10-06 14:38:00+02:00,23.08,23.89066666666666,41.09400000000001
2026-10-06 14:39:00+02:00,25.229999999999997,23.89066666666666,41.09400000000001
2026-10-06 14:40:00+02:00,22.660000000000004,23.89066666666666,41.09400000000001
2026-10-06 14:41:00+02:00,29.389999999999997,23.89066666666666,41.09400000000001
2026-10-06 14:42:00+02:00,23.86,23.89066666666666,41.09400000000001
2026-10-06 14:43:00+02:00,15.469999999999999,23.89066666666666,41.09400000000001
2026-10-06 14:44:00+02:00,10.529999999999998,23.89066666666666,41.09400000000001
2026-10-06 14:45:00+02:00,15.549999999999997,18.746000000000002,41.09400000000001
2026-10-06 14:46:00+02:00,36.86,18.746000000000002,41.09400000000001
2026-10-06 14:47:00+02:00,35.279999999999994,18.746000000000002,41.09400000000001
2026-10-06 14:48:00+02:00,53.5,18.746000000000002,41.09400000000001
2026-10-06 14:49:00+02:00,30.41,18.746000000000002,41.09400000000001
2026-10-06 14:50:00+02:00,47.42,18.746000000000002,41.09400000000001
2026-10-06 14:51:00+02:00,28.96,18.746000000000002,41.09400000000001
2026-10-06 14:52:00+02:00,40.58,18.746000000000002,41.09400000000001
2026-10-06 14:53:00+02:00,33.53,18.746000000000002,41.09400000000001
2026-10-06 14:54:00+02:00,24.290000000000003,18.746000000000002,41.09400000000001
2026-10-06 14:55:00+02:00,33.88,18.746000000000002,41.09400000000001
2026-10-06 14:56:00+02:00,36.059999999999995,18.746000000000002,41.09400000000001
2026-10-06 14:57:00+02:00,31.97,18.746000000000002,41.09400000000001
2026-10-06 14:58:00+02:00,28.360000000000003,18.746000000000002,41.09400000000001
2026-10-06 14:59:00+02:00,28.599999999999998,18.746000000000002,41.09400000000001
2026-10-06 15:00:00+02:00,43.279999999999994,31.074,41.09400000000001
2026-10-06 15:01:00+02:00,33.410000000000004,31.074,41.09400000000001
2026-10-06 15:02:00+02:00,34.65,31.074,41.09400000000001
2026-10-06 15:03:00+02:00,43.67,31.074,41.09400000000001
2026-10-06 15:04:00+02:00,2.8900000000000006,31.074,41.09400000000001
2026-10-06 15:05:00+02:00,14.03,31.074,41.09400000000001
2026-10-06 15:06:00+02:00,21.21,31.074,41.09400000000001
2026-10-06 15:07:00+02:00,5.399999999999999,31.074,41.09400000000001
2026-10-06 15:08:00+02:00,19.47,31.074,41.09400000000001
2026-10-06 15:09:00+02:00,10.350000000000001,31.074,41.09400000000001
2026-10-06 15:10:00+02:00,5.329999999999998,31.074,41.09400000000001
2026-10-06 15:11:00+02:00,8.18,31.074,41.09400000000001
2026-10-06 15:12:00+02:00,6.6899999999999995,31.074,41.09400000000001
2026-10-06 15:13:00+02:00,5.520000000000001,31.074,41.09400000000001
2026-10-06 15:14:00+02:00,-0.9500000000000011,31.074,41.09400000000001
2026-10-06 15:15:00+02:00,-12.18,18.877857142857145,41.09400000000001
2026-10-06 15:16:00+02:00,-10.919999999999995,18.877857142857145,41.09400000000001
2026-10-06 15:17:00+02:00,1.1500000000000057,18.877857142857145,41.09400000000001
2026-10-06 15:18:00+02:00,15.150000000000002,18.877857142857145,41.09400000000001
2026-10-06 15:19:00+02:00,-0.8900000000000077,18.877857142857145,41.09400000000001
2026-10-06 15:20:00+02:00,7.93,18.877857142857145,41.09400000000001
2026-10-06 15:21:00+02:00,9.390000000000008,18.877857142857145,41.09400000000001
2026-10-06 15:22:00+02:00,6.740000000000002,18.877857142857145,41.09400000000001
2026-10-06 15:23:00+02:00,8.780000000000001,18.877857142857145,41.09400000000001
2026-10-06 15:24:00+02:00,12.920000000000005,18.877857142857145,41.09400000000001
2026-10-06 15:25:00+02:00,-4.310000000000002,18.877857142857145,41.09400000000001
2026-10-06 15:26:00+02:00,26.799999999999997,18.877857142857145,41.09400000000001
2026-10-06 15:27:00+02:00,16.12,18.877857142857145,41.09400000000001
2026-10-06 15:28:00+02:00,13.259999999999998,18.877857142857145,41.09400000000001
2026-10-06 15:29:00+02:00,7.39,18.877857142857145,41.09400000000001
2026-10-06 15:30:00+02:00,4.140000000000001,15.428666666666668,37.882000000000005
2026-10-06 15:31:00+02:00,6.67,15.428666666666668,37.882000000000005
2026-10-06 15:32:00+02:00,0.7300000000000004,15.428666666666668,37.882000000000005
2026-10-06 15:33:00+02:00,2.5700000000000003,15.428666666666668,37.882000000000005
2026-10-06 15:34:00+02:00,9.529999999999998,15.428666666666668,37.882000000000005
2026-10-06 15:35:00+02:00,12.39,15.428666666666668,37.882000000000005
2026-10-06 15:36:00+02:00,13.489999999999998,15.428666666666668,37.882000000000005
2026-10-06 15:37:00+02:00,11.98,15.428666666666668,37.882000000000005
2026-10-06 15:38:00+02:00,2.710000000000001,15.428666666666668,37.882000000000005
2026-10-06 15:39:00+02:00,4.640000000000001,15.428666666666668,37.882000000000005
2026-10-06 15:40:00+02:00,14.06,15.428666666666668,37.882000000000005
2026-10-06 15:41:00+02:00,6.17,15.428666666666668,37.882000000000005
2026-10-06 15:42:00+02:00,-5.949999999999999,15.428666666666668,37.882000000000005
2026-10-06 15:43:00+02:00,9.41,15.428666666666668,37.882000000000005
2026-10-06 15:44:00+02:00,-6.930000000000003,15.428666666666668,37.882000000000005
2026-10-06 15:45:00+02:00,-5.309999999999999,18.123333333333335,35.903
2026-10-06 15:46:00+02:00,4.880000000000003,18.123333333333335,35.903
2026-10-06 15:47:00+02:00,14.389999999999997,18.123333333333335,35.903
2026-10-06 15:48:00+02:00,18.530000000000005,18.123333333333335,35.903
2026-10-06 15:49:00+02:00,20.580000000000002,18.123333333333335,35.903
2026-10-06 15:50:00+02:00,16.090000000000003,18.123333333333335,35.903
2026-10-06 15:51:00+02:00,20.029999999999998,18.123333333333335,35.903
2026-10-06 15:52:00+02:00,6.900000000000002,18.123333333333335,35.903
2026-10-06 15:53:00+02:00,5.939999999999998,18.123333333333335,35.903
2026-10-06 15:54:00+02:00,4.959999999999994,18.123333333333335,35.903
2026-10-06 15:55:00+02:00,4.449999999999996,18.123333333333335,35.903
2026-10-06 15:56:00+02:00,7.079999999999998,18.123333333333335,35.903
2026-10-06 15:57:00+02:00,17.419999999999998,18.123333333333335,35.903
2026-10-06 15:58:00+02:00,30.23,18.123333333333335,35.903
2026-10-06 15:59:00+02:00,3.219999999999999,18.123333333333335,35.903
2026-10-06 16:00:00+02:00,-0.28000000000000114,16.13733333333333,29.269999999999996
2026-10-06 16:01:00+02:00,4.390000000000001,16.13733333333333,29.269999999999996
2026-10-06 16:02:00+02:00,14.41,16.13733333333333,29.269999999999996
2026-10-06 16:03:00+02:00,5.730000000000004,16.13733333333333,29.269999999999996
2026-10-06 16:04:00+02:00,17.519999999999996,16.13733333333333,29.269999999999996
2026-10-06 16:05:00+02:00,5.779999999999999,16.13733333333333,29.269999999999996
2026-10-06 16:06:00+02:00,5.23,16.13733333333333,29.269999999999996
2026-10-06 16:07:00+02:00,7.390000000000001,16.13733333333333,29.269999999999996
2026-10-06 16:08:00+02:00,5.34,16.13733333333333,29.269999999999996
2026-10-06 16:09:00+02:00,5.3999999999999995,16.13733333333333,29.269999999999996
2026-10-06 16:10:00+02:00,4.39,16.13733333333333,29.269999999999996
2026-10-06 16:11:00+02:00,3.7200000000000006,16.13733333333333,29.269999999999996
2026-10-06 16:12:00+02:00,3.6800000000000006,16.13733333333333,29.269999999999996
2026-10-06 16:13:00+02:00,4.86,16.13733333333333,29.269999999999996
2026-10-06 16:14:00+02:00,5.72,16.13733333333333,29.269999999999996
2026-10-06 16:15:00+02:00,3.329999999999999,13.666,25.574000000000005
2026-10-06 16:16:00+02:00,4.59,13.666,25.574000000000005
2026-10-06 16:17:00+02:00,3.83,13.666,25.574000000000005
2026-10-06 16:18:00+02:00,4.9799999999999995,13.666,25.574000000000005
2026-10-06 16:19:00+02:00,3.89,13.666,25.574000000000005
2026-10-06 16:20:00+02:00,4.93,13.666,25.574000000000005
2026-10-06 16:21:00+02:00,2.8100000000000005,13.666,25.574000000000005
2026-10-06 16:22:00+02:00,3.95,13.666,25.574000000000005
2026-10-06 16:23:00+02:00,5.29,13.666,25.574000000000005
2026-10-06 16:24:00+02:00,4.370000000000001,13.666,25.574000000000005
2026-10-06 16:25:00+02:00,4.38,13.666,25.574000000000005
2026-10-06 16:26:00+02:00,4.55,13.666,25.574000000000005
2026-10-06 16:27:00+02:00,4.319999999999999,13.666,25.574000000000005
2026-10-06 16:28:00+02:00,4.38,13.666,25.574000000000005
2026-10-06 16:29:00+02:00,4.63,13.666,25.574000000000005
2026-10-06 16:30:00+02:00,4.450000000000001,13.506666666666668,25.574000000000005
2026-10-06 16:31:00+02:00,16.07,13.506666666666668,25.574000000000005
2026-10-06 16:32:00+02:00,18.71,13.506666666666668,25.574000000000005
2026-10-06 16:33:00+02:00,17.9,13.506666666666668,25.574000000000005
2026-10-06 16:34:00+02:00,14.57,13.506666666666668,25.574000000000005
2026-10-06 16:35:00+02:00,4.5600000000000005,13.506666666666668,25.574000000000005
2026-10-06 16:36:00+02:00,3.7399999999999998,13.506666666666668,25.574000000000005
2026-10-06 16:37:00+02:00,4.81,13.506666666666668,25.574000000000005
2026-10-06 16:38:00+02:00,4.73,13.506666666666668,25.574000000000005
2026-10-06 16:39:00+02:00,4.83,13.506666666666668,25.574000000000005
2026-10-06 16:40:00+02:00,4.74,13.506666666666668,25.574000000000005
2026-10-06 16:41:00+02:00,4.41,13.506666666666668,25.574000000000005
2026-10-06 16:42:00+02:00,5.050000000000001,13.506666666666668,25.574000000000005
2026-10-06 16:43:00+02:00,4.02,13.506666666666668,25.574000000000005
2026-10-06 16:44:00+02:00,5.300000000000001,13.506666666666668,25.574000000000005
2026-10-06 16:45:00+02:00,4.33,14.472666666666665,24.653000000000002
2026-10-06 16:46:00+02:00,5.08,14.472666666666665,24.653000000000002
2026-10-06 16:47:00+02:00,4.4399999999999995,14.472666666666665,24.653000000000002
2026-10-06 16:48:00+02:00,4.43,14.472666666666665,24.653000000000002
2026-10-06 16:49:00+02:00,5.27,14.472666666666665,24.653000000000002
2026-10-06 16:50:00+02:00,6.08,14.472666666666665,24.653000000000002
2026-10-06 16:51:00+02:00,4.54,14.472666666666665,24.653000000000002
2026-10-06 16:52:00+02:00,4.26,14.472666666666665,24.653000000000002
2026-10-06 16:53:00+02:00,4.880000000000001,14.472666666666665,24.653000000000002
2026-10-06 16:54:00+02:00,5.619999999999999,14.472666666666665,24.653000000000002
2026-10-06 16:55:00+02:00,5.01,14.472666666666665,24.653000000000002
2026-10-06 16:56:00+02:00,5.35,14.472666666666665,24.653000000000002
2026-10-06 16:57:00+02:00,4.07,14.472666666666665,24.653000000000002
2026-10-06 16:58:00+02:00,3.86,14.472666666666665,24.653000000000002
2026-10-06 16:59:00+02:00,4.710000000000001,14.472666666666665,24.653000000000002
2026-10-06 17:00:00+02:00,4.699999999999999,12.686666666666667,21.427999999999997
2026-10-06 17:01:00+02:00,3.4699999999999998,12.686666666666667,21.427999999999997
2026-10-06 17:02:00+02:00,4.49,12.686666666666667,21.427999999999997
2026-10-06 17:03:00+02:00,4.23,12.686666666666667,21.427999999999997
2026-10-06 17:04:00+02:00,3.3599999999999994,12.686666666666667,21.427999999999997
2026-10-06 17:05:00+02:00,6.52,12.686666666666667,21.427999999999997
2026-10-06 17:06:00+02:00,4.79,12.686666666666667,21.427999999999997
2026-10-06 17:07:00+02:00,5.11,12.686666666666667,21.427999999999997
2026-10-06 17:08:00+02:00,4.06,12.686666666666667,21.427999999999997
2026-10-06 17:09:00+02:00,4.75,12.686666666666667,21.427999999999997
2026-10-06 17:10:00+02:00,6.64,12.686666666666667,21.427999999999997
2026-10-06 17:11:00+02:00,5.470000000000001,12.686666666666667,21.427999999999997
2026-10-06 17:12:00+02:00,5.18,12.686666666666667,21.427999999999997
2026-10-06 17:13:00+02:00,5.11,12.686666666666667,21.427999999999997
2026-10-06 17:14:00+02:00,23.12,12.686666666666667,21.427999999999997
2026-10-06 17:15:00+02:00,19.18,13.527333333333333,21.427999999999997
2026-10-06 17:16:00+02:00,18.57,13.527333333333333,21.427999999999997
2026-10-06 17:17:00+02:00,5.67,13.527333333333333,21.427999999999997
2026-10-06 17:18:00+02:00,4.89,13.527333333333333,21.427999999999997
2026-10-06 17:19:00+02:00,5.16,13.527333333333333,21.427999999999997
2026-10-06 17:20:00+02:00,4.930000000000001,13.527333333333333,21.427999999999997
2026-10-06 17:21:00+02:00,5.010000000000001,13.527333333333333,21.427999999999997
2026-10-06 17:22:00+02:00,6.010000000000001,13.527333333333333,21.427999999999997
2026-10-06 17:23:00+02:00,4.609999999999999,13.527333333333333,21.427999999999997
2026-10-06 17:24:00+02:00,5.18,13.527333333333333,21.427999999999997
2026-10-06 17:25:00+02:00,5.4,13.527333333333333,21.427999999999997
2026-10-06 17:26:00+02:00,5.41,13.527333333333333,21.427999999999997
2026-10-06 17:27:00+02:00,5.37,13.527333333333333,21.427999999999997
2026-10-06 17:28:00+02:00,5.9399999999999995,13.527333333333333,21.427999999999997
2026-10-06 17:29:00+02:00,3.92,13.527333333333333,21.427999999999997
2026-10-06 17:30:00+02:00,4.569999999999999,12.361333333333334,27.400000000000002
2026-10-06 17:31:00+02:00,4.68,12.361333333333334,27.400000000000002
2026-10-06 17:32:00+02:00,4.79,12.361333333333334,27.400000000000002
2026-10-06 17:33:00+02:00,4.6,12.361333333333334,27.400000000000002
2026-10-06 17:34:00+02:00,5.13,12.361333333333334,27.400000000000002
2026-10-06 17:35:00+02:00,4.49,12.361333333333334,27.400000000000002
2026-10-06 17:36:00+02:00,5.75,12.361333333333334,27.400000000000002
2026-10-06 17:37:00+02:00,4.92,12.361333333333334,27.400000000000002
2026-10-06 17:38:00+02:00,6.36,12.361333333333334,27.400000000000002
2026-10-06 17:39:00+02:00,4.56,12.361333333333334,27.400000000000002
2026-10-06 17:40:00+02:00,7.380000000000001,12.361333333333334,27.400000000000002
2026-10-06 17:41:00+02:00,15.95,12.361333333333334,27.400000000000002
2026-10-06 17:42:00+02:00,16.38,12.361333333333334,27.400000000000002
2026-10-06 17:43:00+02:00,16.73,12.361333333333334,27.400000000000002
2026-10-06 17:44:00+02:00,18.189999999999998,12.361333333333334,27.400000000000002
2026-10-06 17:45:00+02:00,19.82,20.95542857142857,29.07
2026-10-06 17:46:00+02:00,33.69,20.95542857142857,29.07
2026-10-06 17:47:00+02:00,30.11,20.95542857142857,29.07
2026-10-06 17:48:00+02:00,27.8,20.95542857142857,29.07
2026-10-06 17:49:00+02:00,27.61,20.95542857142857,29.07
2026-10-06 17:50:00+02:00,30.22,20.95542857142857,29.07
2026-10-06 17:51:00+02:00,28.520000000000003,20.95542857142857,29.07
2026-10-06 17:52:00+02:00,28.9,20.95542857142857,29.07
2026-10-06 17:53:00+02:00,29.25,20.95542857142857,29.07
2026-10-06 17:54:00+02:00,27.870000000000005,20.95542857142857,29.07
2026-10-06 17:55:00+02:00,29.24,20.95542857142857,29.07
2026-10-06 17:56:00+02:00,38.63,20.95542857142857,29.07
2026-10-06 17:57:00+02:00,42.12,20.95542857142857,29.07
2026-10-06 17:58:00+02:00,42.599999999999994,20.95542857142857,29.07
2026-10-06 17:59:00+02:00,43.37,20.95542857142857,29.07
2026-10-06 18:00:00+02:00,29.13,26.147333333333336,29.07
2026-10-06 18:01:00+02:00,30.04,26.147333333333336,29.07
2026-10-06 18:02:00+02:00,29.77,26.147333333333336,29.07
2026-10-06 18:03:00+02:00,4.340000000000001,26.147333333333336,29.07
2026-10-06 18:04:00+02:00,3.67,26.147333333333336,29.07
2026-10-06 18:05:00+02:00,5.530000000000001,26.147333333333336,29.07
2026-10-06 18:06:00+02:00,5.98,26.147333333333336,29.07
2026-10-06 18:07:00+02:00,5.17,26.147333333333336,29.07
2026-10-06 18:08:00+02:00,3.64,26.147333333333336,29.07
2026-10-06 18:09:00+02:00,5.79,26.147333333333336,29.07
2026-10-06 18:10:00+02:00,5.29,26.147333333333336,29.07
2026-10-06 18:11:00+02:00,3.9299999999999997,26.147333333333336,29.07
2026-10-06 18:12:00+02:00,4.140000000000001,26.147333333333336,29.07
2026-10-06 18:13:00+02:00,4.17,26.147333333333336,29.07
2026-10-06 18:14:00+02:00,4.17,26.147333333333336,29.07
2026-10-06 18:15:00+02:00,4.51,25.904000000000007,29.07
2026-10-06 18:16:00+02:00,4.47,25.904000000000007,29.07
2026-10-06 18:17:00+02:00,5.6,25.904000000000007,29.07
2026-10-06 18:18:00+02:00,5.96,25.904000000000007,29.07
2026-10-06 18:19:00+02:00,5.279999999999999,25.904000000000007,29.07
2026-10-06 18:20:00+02:00,3.92,25.904000000000007,29.07
2026-10-06 18:21:00+02:00,,25.904000000000007,29.07
2026-10-06 18:22:00+02:00,4.95,25.904000000000007,29.07
2026-10-06 18:23:00+02:00,4.25,25.904000000000007,29.07
2026-10-06 18:24:00+02:00,4.86,25.904000000000007,29.07
2026-10-06 18:25:00+02:00,4.4399999999999995,25.904000000000007,29.07
2026-10-06 18:26:00+02:00,5.34,25.904000000000007,29.07
2026-10-06 18:27:00+02:00,4.790000000000001,25.904000000000007,29.07
2026-10-06 18:28:00+02:00,5.29,25.904000000000007,29.07
2026-10-06 18:29:00+02:00,4.73,25.904000000000007,29.07
2026-10-06 18:30:00+02:00,5.3100000000000005,12.743333333333332,29.07
2026-10-06 18:31:00+02:00,4.949999999999999,12.743333333333332,29.07
2026-10-06 18:32:00+02:00,5.1,12.743333333333332,29.07
2026-10-06 18:33:00+02:00,5.36,12.743333333333332,29.07
2026-10-06 18:34:00+02:00,4.82,12.743333333333332,29.07
2026-10-06 18:35:00+02:00,6.43,12.743333333333332,29.07
2026-10-06 18:36:00+02:00,5.43,12.743333333333332,29.07
2026-10-06 18:37:00+02:00,6.36,12.743333333333332,29.07
2026-10-06 18:38:00+02:00,4.75,12.743333333333332,29.07
2026-10-06 18:39:00+02:00,17.17,12.743333333333332,29.07
2026-10-06 18:40:00+02:00,18.68,12.743333333333332,29.07
2026-10-06 18:41:00+02:00,18.439999999999998,12.743333333333332,29.07
2026-10-06 18:42:00+02:00,5.879999999999999,12.743333333333332,29.07
2026-10-06 18:43:00+02:00,4.7,12.743333333333332,29.07
2026-10-06 18:44:00+02:00,4.61,12.743333333333332,29.07
2026-10-06 18:45:00+02:00,5.390000000000001,14.404666666666664,29.07
2026-10-06 18:46:00+02:00,5.62,14.404666666666664,29.07
2026-10-06 18:47:00+02:00,5.4399999999999995,14.404666666666664,29.07
2026-10-06 18:48:00+02:00,5.8999999999999995,14.404666666666664,29.07
2026-10-06 18:49:00+02:00,4.44,14.404666666666664,29.07
2026-10-06 18:50:00+02:00,5.380000000000001,14.404666666666664,29.07
2026-10-06 18:51:00+02:00,5.65,14.404666666666664,29.07
2026-10-06 18:52:00+02:00,5.2,14.404666666666664,29.07
2026-10-06 18:53:00+02:00,5.21,14.404666666666664,29.07
2026-10-06 18:54:00+02:00,4.68,14.404666666666664,29.07
2026-10-06 18:55:00+02:00,5.4399999999999995,14.404666666666664,29.07
2026-10-06 18:56:00+02:00,,14.404666666666664,29.07
2026-10-06 18:57:00+02:00,5.510000000000001,14.404666666666664,29.07
2026-10-06 18:58:00+02:00,5.34,14.404666666666664,29.07
2026-10-06 18:59:00+02:00,4.9,14.404666666666664,29.07
2026-10-06 19:00:00+02:00,4.78,13.779333333333334,27.669999999999998
2026-10-06 19:01:00+02:00,4.9,13.779333333333334,27.669999999999998
2026-10-06 19:02:00+02:00,5.04,13.779333333333334,27.669999999999998
2026-10-06 19:03:00+02:00,5.62,13.779333333333334,27.669999999999998
2026-10-06 19:04:00+02:00,4.9,13.779333333333334,27.669999999999998
2026-10-06 19:05:00+02:00,5.19,13.779333333333334,27.669999999999998
2026-10-06 19:06:00+02:00,5.14,13.779333333333334,27.669999999999998
2026-10-06 19:07:00+02:00,4.43,13.779333333333334,27.669999999999998
2026-10-06 19:08:00+02:00,4.97,13.779333333333334,27.669999999999998
2026-10-06 19:09:00+02:00,4.69,13.779333333333334,27.669999999999998
2026-10-06 19:10:00+02:00,5.7,13.779333333333334,27.669999999999998
2026-10-06 19:11:00+02:00,5.010000000000001,13.779333333333334,27.669999999999998
2026-10-06 19:12:00+02:00,5.010000000000001,13.779333333333334,27.669999999999998
2026-10-06 19:13:00+02:00,5.04,13.779333333333334,27.669999999999998
2026-10-06 19:14:00+02:00,5.08,13.779333333333334,27.669999999999998
2026-10-06 19:15:00+02:00,6.46,9.658666666666667,28.79
2026-10-06 19:16:00+02:00,4.890000000000001,9.658666666666667,28.79
2026-10-06 19:17:00+02:00,4.6499999999999995,9.658666666666667,28.79
2026-10-06 19:18:00+02:00,5.1000000000000005,9.658666666666667,28.79
2026-10-06 19:19:00+02:00,4.73,9.658666666666667,28.79
2026-10-06 19:20:00+02:00,12.46,9.658666666666667,28.79
2026-10-06 19:21:00+02:00,17.06,9.658666666666667,28.79
2026-10-06 19:22:00+02:00,16.48,9.658666666666667,28.79
2026-10-06 19:23:00+02:00,5.699999999999999,9.658666666666667,28.79
2026-10-06 19:24:00+02:00,4.879999999999999,9.658666666666667,28.79
2026-10-06 19:25:00+02:00,7.010000000000001,9.658666666666667,28.79
2026-10-06 19:26:00+02:00,5.5,9.658666666666667,28.79
2026-10-06 19:27:00+02:00,5.97,9.658666666666667,28.79
2026-10-06 19:28:00+02:00,5.32,9.658666666666667,28.79
2026-10-06 19:29:00+02:00,5.97,9.658666666666667,28.79
2026-10-06 19:30:00+02:00,5.59,10.136000000000001,28.79
2026-10-06 19:31:00+02:00,5.83,10.136000000000001,28.79
2026-10-06 19:32:00+02:00,5.609999999999999,10.136000000000001,28.79
2026-10-06 19:33:00+02:00,5.55,10.136000000000001,28.79
2026-10-06 19:34:00+02:00,5.56,10.136000000000001,28.79
2026-10-06 19:35:00+02:00,5.79,10.136000000000001,28.79
2026-10-06 19:36:00+02:00,5.52,10.136000000000001,28.79
2026-10-06 19:37:00+02:00,5.2700000000000005,10.136000000000001,28.79
2026-10-06 19:38:00+02:00,5.77,10.136000000000001,28.79
2026-10-06 19:39:00+02:00,5.75,10.136000000000001,28.79
2026-10-06 19:40:00+02:00,5.5600000000000005,10.136000000000001,28.79
2026-10-06 19:41:00+02:00,5.65,10.136000000000001,28.79
2026-10-06 19:42:00+02:00,5.640000000000001,10.136000000000001,28.79
2026-10-06 19:43:00+02:00,5.36,10.136000000000001,28.79
2026-10-06 19:44:00+02:00,5.41,10.136000000000001,28.79
2026-10-06 19:45:00+02:00,5.37,24.888666666666666,28.79
2026-10-06 19:46:00+02:00,5.44,24.888666666666666,28.79
2026-10-06 19:47:00+02:00,5.58,24.888666666666666,28.79
2026-10-06 19:48:00+02:00,5.72,24.888666666666666,28.79
2026-10-06 19:49:00+02:00,5.7700000000000005,24.888666666666666,28.79
2026-10-06 19:50:00+02:00,5.340000000000001,24.888666666666666,28.79
2026-10-06 19:51:00+02:00,5.42,24.888666666666666,28.79
2026-10-06 19:52:00+02:00,5.59,24.888666666666666,28.79
2026-10-06 19:53:00+02:00,5.41,24.888666666666666,28.79
2026-10-06 19:54:00+02:00,5.39,24.888666666666666,28.79
2026-10-06 19:55:00+02:00,5.5200000000000005,24.888666666666666,28.79
2026-10-06 19:56:00+02:00,5.59,24.888666666666666,28.79
2026-10-06 19:57:00+02:00,5.37,24.888666666666666,28.79
2026-10-06 19:58:00+02:00,5.5200000000000005,24.888666666666666,28.79
2026-10-06 19:59:00+02:00,5.390000000000001,24.888666666666666,28.79
2026-10-06 20:00:00+02:00,5.24,12.194666666666667,28.79
2026-10-06 20:01:00+02:00,16.34,12.194666666666667,28.79
2026-10-06 20:02:00+02:00,17.66,12.194666666666667,28.79
2026-10-06 20:03:00+02:00,17.55,12.194666666666667,28.79
2026-10-06 20:04:00+02:00,17.490000000000002,12.194666666666667,28.79
2026-10-06 20:05:00+02:00,5.419999999999999,12.194666666666667,28.79
2026-10-06 20:06:00+02:00,6.1899999999999995,12.194666666666667,28.79
2026-10-06 20:07:00+02:00,5.75,12.194666666666667,28.79
2026-10-06 20:08:00+02:00,5.83,12.194666666666667,28.79
2026-10-06 20:09:00+02:00,7.58,12.194666666666667,28.79
2026-10-06 20:10:00+02:00,5.79,12.194666666666667,28.79
2026-10-06 20:11:00+02:00,5.36,12.194666666666667,28.79
2026-10-06 20:12:00+02:00,5.239999999999999,12.194666666666667,28.79
2026-10-06 20:13:00+02:00,5.38,12.194666666666667,28.79
2026-10-06 20:14:00+02:00,5.42,12.194666666666667,28.79
2026-10-06 20:15:00+02:00,5.84,10.393333333333333,28.79
2026-10-06 20:16:00+02:00,5.66,10.393333333333333,28.79
2026-10-06 20:17:00+02:00,5.83,10.393333333333333,28.79
2026-10-06 20:18:00+02:00,5.63,10.393333333333333,28.79
2026-10-06 20:19:00+02:00,5.42,10.393333333333333,28.79
2026-10-06 20:20:00+02:00,5.3500000000000005,10.393333333333333,28.79
2026-10-06 20:21:00+02:00,5.16,10.393333333333333,28.79
2026-10-06 20:22:00+02:00,5.300000000000001,10.393333333333333,28.79
2026-10-06 20:23:00+02:00,5.17,10.393333333333333,28.79
2026-10-06 20:24:00+02:00,5.37,10.393333333333333,28.79
2026-10-06 20:25:00+02:00,5.09,10.393333333333333,28.79
2026-10-06 20:26:00+02:00,4.47,10.393333333333333,28.79
2026-10-06 20:27:00+02:00,4.9799999999999995,10.393333333333333,28.79
2026-10-06 20:28:00+02:00,5.84,10.393333333333333,28.79
2026-10-06 20:29:00+02:00,4.86,10.393333333333333,28.79
2026-10-06 20:30:00+02:00,4.800000000000001,9.290666666666667,28.11
2026-10-06 20:31:00+02:00,4.760000000000001,9.290666666666667,28.11
2026-10-06 20:32:00+02:00,4.81,9.290666666666667,28.11
2026-10-06 20:33:00+02:00,5.08,9.290666666666667,28.11
2026-10-06 20:34:00+02:00,5.42,9.290666666666667,28.11
2026-10-06 20:35:00+02:00,5.180000000000001,9.290666666666667,28.11
2026-10-06 20:36:00+02:00,5.02,9.290666666666667,28.11
2026-10-06 20:37:00+02:00,4.92,9.290666666666667,28.11
2026-10-06 20:38:00+02:00,5.01,9.290666666666667,28.11
2026-10-06 20:39:00+02:00,5.11,9.290666666666667,28.11
2026-10-06 20:40:00+02:00,6.29,9.290666666666667,28.11
2026-10-06 20:41:00+02:00,10.58,9.290666666666667,28.11
2026-10-06 20:42:00+02:00,25.67,9.290666666666667,28.11
2026-10-06 20:43:00+02:00,27.2,9.290666666666667,28.11
2026-10-06 20:44:00+02:00,26.83,9.290666666666667,28.11
2026-10-06 20:45:00+02:00,27.66,8.573333333333334,28.006
2026-10-06 20:46:00+02:00,20.67,8.573333333333334,28.006
2026-10-06 20:47:00+02:00,16.919999999999998,8.573333333333334,28.006
2026-10-06 20:48:00+02:00,16.45,8.573333333333334,28.006
2026-10-06 20:49:00+02:00,16.040000000000003,8.573333333333334,28.006
2026-10-06 20:50:00+02:00,16.47,8.573333333333334,28.006
2026-10-06 20:51:00+02:00,16.41,8.573333333333334,28.006
2026-10-06 20:52:00+02:00,15.82,8.573333333333334,28.006
2026-10-06 20:53:00+02:00,16.21,8.573333333333334,28.006
2026-10-06 20:54:00+02:00,16.360000000000003,8.573333333333334,28.006
2026-10-06 20:55:00+02:00,15.97,8.573333333333334,28.006
2026-10-06 20:56:00+02:00,16.1,8.573333333333334,28.006
2026-10-06 20:57:00+02:00,16.12,8.573333333333334,28.006
2026-10-06 20:58:00+02:00,16.13,8.573333333333334,28.006
2026-10-06 20:59:00+02:00,15.79,8.573333333333334,28.006
2026-10-06 21:00:00+02:00,16.12,18.204000000000004,29.119999999999997
2026-10-06 21:01:00+02:00,15.48,18.204000000000004,29.119999999999997
2026-10-06 21:02:00+02:00,16.54,18.204000000000004,29.119999999999997
2026-10-06 21:03:00+02:00,16.27,18.204000000000004,29.119999999999997
2026-10-06 21:04:00+02:00,16.970000000000002,18.204000000000004,29.119999999999997
2026-10-06 21:05:00+02:00,15.19,18.204000000000004,29.119999999999997
2026-10-06 21:06:00+02:00,16.990000000000002,18.204000000000004,29.119999999999997
2026-10-06 21:07:00+02:00,16.57,18.204000000000004,29.119999999999997
2026-10-06 21:08:00+02:00,15.950000000000001,18.204000000000004,29.119999999999997
2026-10-06 21:09:00+02:00,17.2,18.204000000000004,29.119999999999997
2026-10-06 21:10:00+02:00,16.720000000000002,18.204000000000004,29.119999999999997
2026-10-06 21:11:00+02:00,16.44,18.204000000000004,29.119999999999997
2026-10-06 21:12:00+02:00,16.18,18.204000000000004,29.119999999999997
2026-10-06 21:13:00+02:00,16.64,18.204000000000004,29.119999999999997
2026-10-06 21:14:00+02:00,16.71,18.204000000000004,29.119999999999997
2026-10-06 21:15:00+02:00,17.369999999999997,23.568666666666665,29.119999999999997
2026-10-06 21:16:00+02:00,17.34,23.568666666666665,29.119999999999997
2026-10-06 21:17:00+02:00,17.419999999999998,23.568666666666665,29.119999999999997
2026-10-06 21:18:00+02:00,17.03,23.568666666666665,29.119999999999997
2026-10-06 21:19:00+02:00,9.43,23.568666666666665,29.119999999999997
2026-10-06 21:20:00+02:00,,23.568666666666665,29.119999999999997
2026-10-06 21:21:00+02:00,5.120000000000001,23.568666666666665,29.119999999999997
2026-10-06 21:22:00+02:00,4.6899999999999995,23.568666666666665,29.119999999999997
2026-10-06 21:23:00+02:00,4.68,23.568666666666665,29.119999999999997
2026-10-06 21:24:00+02:00,17.06,23.568666666666665,29.119999999999997
2026-10-06 21:25:00+02:00,17.92,23.568666666666665,29.119999999999997
2026-10-06 21:26:00+02:00,17.77,23.568666666666665,29.119999999999997
2026-10-06 21:27:00+02:00,-0.21000000000000085,23.568666666666665,29.119999999999997
2026-10-06 21:28:00+02:00,4.41,23.568666666666665,29.119999999999997
2026-10-06 21:29:00+02:00,4.56,23.568666666666665,29.119999999999997
2026-10-06 21:30:00+02:00,5.14,15.178666666666667,29.119999999999997
2026-10-06 21:31:00+02:00,5.47,15.178666666666667,29.119999999999997
2026-10-06 21:32:00+02:00,4.6899999999999995,15.178666666666667,29.119999999999997
2026-10-06 21:33:00+02:00,4.83,15.178666666666667,29.119999999999997
2026-10-06 21:34:00+02:00,5.12,15.178666666666667,29.119999999999997
2026-10-06 21:35:00+02:00,5.0600000000000005,15.178666666666667,29.119999999999997
2026-10-06 21:36:00+02:00,5.37,15.178666666666667,29.119999999999997
2026-10-06 21:37:00+02:00,5.19,15.178666666666667,29.119999999999997
2026-10-06 21:38:00+02:00,6.0200000000000005,15.178666666666667,29.119999999999997
2026-10-06 21:39:00+02:00,6.050000000000001,15.178666666666667,29.119999999999997
2026-10-06 21:40:00+02:00,5.3100000000000005,15.178666666666667,29.119999999999997
2026-10-06 21:41:00+02:00,5.51,15.178666666666667,29.119999999999997
2026-10-06 21:42:00+02:00,5.47,15.178666666666667,29.119999999999997
2026-10-06 21:43:00+02:00,5.42,15.178666666666667,29.119999999999997
2026-10-06 21:44:00+02:00,5.3500000000000005,15.178666666666667,29.119999999999997
2026-10-06 21:45:00+02:00,5.7299999999999995,13.860714285714288,29.119999999999997
2026-10-06 21:46:00+02:00,5.71,13.860714285714288,29.119999999999997
2026-10-06 21:47:00+02:00,5.76,13.860714285714288,29.119999999999997
2026-10-06 21:48:00+02:00,5.65,13.860714285714288,29.119999999999997
2026-10-06 21:49:00+02:00,5.59,13.860714285714288,29.119999999999997
2026-10-06 21:50:00+02:00,5.49,13.860714285714288,29.119999999999997
2026-10-06 21:51:00+02:00,5.989999999999999,13.860714285714288,29.119999999999997
2026-10-06 21:52:00+02:00,5.57,13.860714285714288,29.119999999999997
2026-10-06 21:53:00+02:00,5.45,13.860714285714288,29.119999999999997
2026-10-06 21:54:00+02:00,5.42,13.860714285714288,29.119999999999997
2026-10-06 21:55:00+02:00,5.45,13.860714285714288,29.119999999999997
2026-10-06 21:56:00+02:00,5.8100000000000005,13.860714285714288,29.119999999999997
2026-10-06 21:57:00+02:00,6.21,13.860714285714288,29.119999999999997
2026-10-06 21:58:00+02:00,5.62,13.860714285714288,29.119999999999997
2026-10-06 21:59:00+02:00,5.28,13.860714285714288,29.119999999999997
2026-10-06 22:00:00+02:00,5.5,14.487333333333332,29.119999999999997
2026-10-06 22:01:00+02:00,5.71,14.487333333333332,29.119999999999997
2026-10-06 22:02:00+02:00,5.359999999999999,14.487333333333332,29.119999999999997
2026-10-06 22:03:00+02:00,5.93,14.487333333333332,29.119999999999997
2026-10-06 22:04:00+02:00,22.53,14.487333333333332,29.119999999999997
2026-10-06 22:05:00+02:00,22.34,14.487333333333332,29.119999999999997
2026-10-06 22:06:00+02:00,21.52,14.487333333333332,29.119999999999997
2026-10-06 22:07:00+02:00,2.549999999999999,14.487333333333332,29.119999999999997
2026-10-06 22:08:00+02:00,4.919999999999999,14.487333333333332,29.119999999999997
2026-10-06 22:09:00+02:00,5.199999999999999,14.487333333333332,29.119999999999997
2026-10-06 22:10:00+02:00,5.58,14.487333333333332,29.119999999999997
2026-10-06 22:11:00+02:00,5.7299999999999995,14.487333333333332,29.119999999999997
2026-10-06 22:12:00+02:00,5.510000000000001,14.487333333333332,29.119999999999997
2026-10-06 22:13:00+02:00,5.6499999999999995,14.487333333333332,29.119999999999997
2026-10-06 22:14:00+02:00,5.81,14.487333333333332,29.119999999999997
2026-10-06 22:15:00+02:00,5.6499999999999995,9.083333333333336,19.891000000000005
2026-10-06 22:16:00+02:00,5.630000000000001,9.083333333333336,19.891000000000005
2026-10-06 22:17:00+02:00,5.47,9.083333333333336,19.891000000000005
2026-10-06 22:18:00+02:00,5.64,9.083333333333336,19.891000000000005
2026-10-06 22:19:00+02:00,5.89,9.083333333333336,19.891000000000005
2026-10-06 22:20:00+02:00,5.449999999999999,9.083333333333336,19.891000000000005
2026-10-06 22:21:00+02:00,5.51,9.083333333333336,19.891000000000005
2026-10-06 22:22:00+02:00,5.52,9.083333333333336,19.891000000000005
2026-10-06 22:23:00+02:00,5.59,9.083333333333336,19.891000000000005
2026-10-06 22:24:00+02:00,5.5200000000000005,9.083333333333336,19.891000000000005
2026-10-06 22:25:00+02:00,5.97,9.083333333333336,19.891000000000005
2026-10-06 22:26:00+02:00,6.0,9.083333333333336,19.891000000000005
2026-10-06 22:27:00+02:00,5.9,9.083333333333336,19.891000000000005
2026-10-06 22:28:00+02:00,5.930000000000001,9.083333333333336,19.891000000000005
2026-10-06 22:29:00+02:00,5.590000000000001,9.083333333333336,19.891000000000005
2026-10-06 22:30:00+02:00,5.680000000000001,9.84,17.67399999999999
2026-10-06 22:31:00+02:00,5.67,9.84,17.67399999999999
2026-10-06 22:32:00+02:00,5.6,9.84,17.67399999999999
2026-10-06 22:33:00+02:00,5.92,9.84,17.67399999999999
2026-10-06 22:34:00+02:00,5.300000000000001,9.84,17.67399999999999
2026-10-06 22:35:00+02:00,5.36,9.84,17.67399999999999
2026-10-06 22:36:00+02:00,6.16,9.84,17.67399999999999
2026-10-06 22:37:00+02:00,4.78,9.84,17.67399999999999
2026-10-06 22:38:00+02:00,6.4399999999999995,9.84,17.67399999999999
2026-10-06 22:39:00+02:00,5.109999999999999,9.84,17.67399999999999
2026-10-06 22:40:00+02:00,4.72,9.84,17.67399999999999
2026-10-06 22:41:00+02:00,5.23,9.84,17.67399999999999
2026-10-06 22:42:00+02:00,6.8500000000000005,9.84,17.67399999999999
2026-10-06 22:43:00+02:00,5.260000000000001,9.84,17.67399999999999
2026-10-06 22:44:00+02:00,17.9,9.84,17.67399999999999
2026-10-06 22:45:00+02:00,18.17,14.038,17.67399999999999
2026-10-06 22:46:00+02:00,17.68,14.038,17.67399999999999
2026-10-06 22:47:00+02:00,-1.0300000000000002,14.038,17.67399999999999
2026-10-06 22:48:00+02:00,3.53,14.038,17.67399999999999
2026-10-06 22:49:00+02:00,4.390000000000001,14.038,17.67399999999999
2026-10-06 22:50:00+02:00,5.86,14.038,17.67399999999999
2026-10-06 22:51:00+02:00,5.04,14.038,17.67399999999999
2026-10-06 22:52:00+02:00,4.96,14.038,17.67399999999999
2026-10-06 22:53:00+02:00,5.09,14.038,17.67399999999999
2026-10-06 22:54:00+02:00,5.06,14.038,17.67399999999999
2026-10-06 22:55:00+02:00,4.739999999999999,14.038,17.67399999999999
2026-10-06 22:56:00+02:00,-26.08,14.038,17.67399999999999
2026-10-06 22:57:00+02:00,-1.8200000000000003,14.038,17.67399999999999
2026-10-06 22:58:00+02:00,1.8799999999999955,14.038,17.67399999999999
2026-10-06 22:59:00+02:00,4.660000000000004,14.038,17.67399999999999
2026-10-06 23:00:00+02:00,4.869999999999997,14.5,26.799999999999994
2026-10-06 23:01:00+02:00,4.82,14.5,26.799999999999994
2026-10-06 23:02:00+02:00,4.479999999999997,14.5,26.799999999999994
2026-10-06 23:03:00+02:00,4.199999999999996,14.5,26.799999999999994
2026-10-06 23:04:00+02:00,4.1299999999999955,14.5,26.799999999999994
2026-10-06 23:05:00+02:00,4.359999999999999,14.5,26.799999999999994
2026-10-06 23:06:00+02:00,4.490000000000002,14.5,26.799999999999994
2026-10-06 23:07:00+02:00,4.230000000000004,14.5,26.799999999999994
2026-10-06 23:08:00+02:00,4.25,14.5,26.799999999999994
2026-10-06 23:09:00+02:00,4.460000000000001,14.5,26.799999999999994
2026-10-06 23:10:00+02:00,4.170000000000002,14.5,26.799999999999994
2026-10-06 23:11:00+02:00,5.600000000000001,14.5,26.799999999999994
2026-10-06 23:12:00+02:00,4.82,14.5,26.799999999999994
2026-10-06 23:13:00+02:00,4.43,14.5,26.799999999999994
2026-10-06 23:14:00+02:00,4.560000000000002,14.5,26.799999999999994
2026-10-06 23:15:00+02:00,4.449999999999996,10.181333333333335,27.878999999999998
2026-10-06 23:16:00+02:00,4.6200000000000045,10.181333333333335,27.878999999999998
2026-10-06 23:17:00+02:00,4.659999999999997,10.181333333333335,27.878999999999998
2026-10-06 23:18:00+02:00,4.780000000000001,10.181333333333335,27.878999999999998
2026-10-06 23:19:00+02:00,4.670000000000002,10.181333333333335,27.878999999999998
2026-10-06 23:20:00+02:00,4.339999999999996,10.181333333333335,27.878999999999998
2026-10-06 23:21:00+02:00,4.549999999999997,10.181333333333335,27.878999999999998
2026-10-06 23:22:00+02:00,4.460000000000001,10.181333333333335,27.878999999999998
2026-10-06 23:23:00+02:00,4.5,10.181333333333335,27.878999999999998
2026-10-06 23:24:00+02:00,16.260000000000005,10.181333333333335,27.878999999999998
2026-10-06 23:25:00+02:00,17.58,10.181333333333335,27.878999999999998
2026-10-06 23:26:00+02:00,18.619999999999997,10.181333333333335,27.878999999999998
2026-10-06 23:27:00+02:00,-1.4499999999999957,10.181333333333335,27.878999999999998
2026-10-06 23:28:00+02:00,2.719999999999999,10.181333333333335,27.878999999999998
2026-10-06 23:29:00+02:00,4.710000000000001,10.181333333333335,27.878999999999998
2026-10-06 23:30:00+02:00,5.050000000000004,13.283999999999999,30.01
2026-10-06 23:31:00+02:00,4.310000000000002,13.283999999999999,30.01
2026-10-06 23:32:00+02:00,4.520000000000003,13.283999999999999,30.01
2026-10-06 23:33:00+02:00,4.600000000000001,13.283999999999999,30.01
2026-10-06 23:34:00+02:00,4.729999999999997,13.283999999999999,30.01
2026-10-06 23:35:00+02:00,4.480000000000004,13.283999999999999,30.01
2026-10-06 23:36:00+02:00,4.170000000000002,13.283999999999999,30.01
2026-10-06 23:37:00+02:00,4.240000000000002,13.283999999999999,30.01
2026-10-06 23:38:00+02:00,4.18,13.283999999999999,30.01
2026-10-06 23:39:00+02:00,4.289999999999999,13.283999999999999,30.01
2026-10-06 23:40:00+02:00,4.289999999999999,13.283999999999999,30.01
2026-10-06 23:41:00+02:00,4.43,13.283999999999999,30.01
2026-10-06 23:42:00+02:00,4.579999999999998,13.283999999999999,30.01
2026-10-06 23:43:00+02:00,4.589999999999996,13.283999999999999,30.01
2026-10-06 23:44:00+02:00,4.68,13.283999999999999,30.01
2026-10-06 23:45:00+02:00,4.590000000000003,26.128000000000007,30.01
2026-10-06 23:46:00+02:00,13.189999999999998,26.128000000000007,30.01
2026-10-06 23:47:00+02:00,13.410000000000004,26.128000000000007,30.01
2026-10-06 23:48:00+02:00,14.690000000000005,26.128000000000007,30.01
2026-10-06 23:49:00+02:00,14.850000000000001,26.128000000000007,30.01
2026-10-06 23:50:00+02:00,17.33,26.128000000000007,30.01
2026-10-06 23:51:00+02:00,32.1,26.128000000000007,30.01
2026-10-06 23:52:00+02:00,30.060000000000002,26.128000000000007,30.01
2026-10-06 23:53:00+02:00,28.639999999999997,26.128000000000007,30.01
2026-10-06 23:54:00+02:00,28.349999999999998,26.128000000000007,30.01
2026-10-06 23:55:00+02:00,28.58,26.128000000000007,30.01
2026-10-06 23:56:00+02:00,29.24,26.128000000000007,30.01
2026-10-06 23:57:00+02:00,28.55,26.128000000000007,30.01
2026-10-06 23:58:00+02:00,28.620000000000005,26.128000000000007,30.01
2026-10-06 23:59:00+02:00,28.750000000000004,26.128000000000007,30.01
