time,consumption_kw,lower_kw,upper_kw,sample_days,old_upper_kw
2026-10-06 00:00:00+02:00,9.519839002267574,3.0133333333333328,30.01,21,21.150000000000002
2026-10-06 00:15:00+02:00,8.539356009070294,2.9779999999999998,30.01,21,16.566000000000003
2026-10-06 00:30:00+02:00,8.600507936507935,2.8913333333333338,30.01,21,24.864666666666665
2026-10-06 00:45:00+02:00,6.754535147392289,2.9813333333333336,28.43,21,12.764666666666667
2026-10-06 01:00:00+02:00,7.0572380952380955,3.1406666666666663,28.3,21,9.350000000000001
2026-10-06 01:15:00+02:00,7.376149659863943,3.2153333333333336,28.3,21,9.952666666666666
2026-10-06 01:30:00+02:00,8.208115646258502,3.006,25.804000000000006,21,10.84
2026-10-06 01:45:00+02:00,7.842884353741498,2.918666666666681,27.75,21,27.114666666666672
2026-10-06 02:00:00+02:00,6.936544217687076,2.962000000000001,29.560000000000002,21,9.823333333333334
2026-10-06 02:15:00+02:00,9.693460317460318,2.9453333333333345,29.560000000000002,21,23.741333333333337
2026-10-06 02:30:00+02:00,8.656621315192742,3.060666666666667,29.560000000000002,21,19.378000000000004
2026-10-06 02:45:00+02:00,8.491519274376417,3.1306666666666665,29.560000000000002,21,11.888
2026-10-06 03:00:00+02:00,8.71366439909297,3.054666666666667,29.560000000000002,21,26.994
2026-10-06 03:15:00+02:00,8.109079365079364,2.990666666666667,28.831000000000003,21,10.163999999999998
2026-10-06 03:30:00+02:00,7.2741405895691615,3.2526666666666664,28.831000000000003,21,8.283333333333335
2026-10-06 03:45:00+02:00,8.130523809523808,3.094,32.410000000000004,21,11.583333333333332
2026-10-06 04:00:00+02:00,7.946798185941044,2.9320000000000004,35.230000000000004,21,14.701333333333334
2026-10-06 04:15:00+02:00,9.295968253968255,3.908666666666666,39.209999999999994,21,16.943333333333335
2026-10-06 04:30:00+02:00,14.713049886621315,7.951999999999999,41.9,21,33.632
2026-10-06 04:45:00+02:00,16.549909297052153,8.699333333333332,48.41,21,36.02466666666667
2026-10-06 05:00:00+02:00,17.76015192743764,9.861333333333334,48.41,21,28.407999999999998
2026-10-06 05:15:00+02:00,19.100773242630385,12.026,48.41,21,39.41266666666666
2026-10-06 05:30:00+02:00,23.875063492063493,13.434,48.41,21,34.992
2026-10-06 05:45:00+02:00,26.755108843537414,19.772000000000002,56.79,21,32.07071428571428
2026-10-06 06:00:00+02:00,30.27566439909297,25.10133333333334,66.62,21,31.67733333333333
2026-10-06 06:15:00+02:00,32.367496598639455,23.794666666666664,69.62,21,39.394666666666666
2026-10-06 06:30:00+02:00,33.72619727891157,26.705333333333332,69.62,21,57.54333333333333
2026-10-06 06:45:00+02:00,34.610827664399096,26.844523809523817,69.62,21,56.22599999999999
2026-10-06 07:00:00+02:00,36.66526984126984,30.439333333333337,71.27000000000001,21,44.79933333333333
2026-10-06 07:15:00+02:00,36.21850793650793,29.511999999999997,80.22,21,44.500666666666675
2026-10-06 07:30:00+02:00,36.90068707482993,28.325999999999997,80.22,21,50.580000000000005
2026-10-06 07:45:00+02:00,37.34936281179138,28.113999999999997,80.22,21,66.32999999999998
2026-10-06 08:00:00+02:00,32.93331972789116,28.86266666666667,80.22,21,37.66333333333334
2026-10-06 08:15:00+02:00,34.611931972789115,28.008666666666667,80.22,21,39.276
2026-10-06 08:30:00+02:00,35.42283446712018,28.615333333333332,68.94999999999999,21,40.84866666666666
2026-10-06 08:45:00+02:00,38.6248820861678,26.578666666666667,68.94999999999999,21,46.994
2026-10-06 09:00:00+02:00,39.15539909297052,30.824666666666666,68.94999999999999,21,51.08933333333333
2026-10-06 09:15:00+02:00,37.63887755102041,32.89533333333334,68.94999999999999,21,50.30599999999999
2026-10-06 09:30:00+02:00,33.1795283446712,29.376666666666665,68.94999999999999,21,48.81933333333333
2026-10-06 09:45:00+02:00,32.45656462585034,25.407999999999998,72.14699999999999,21,36.215999999999994
2026-10-06 10:00:00+02:00,33.1141768707483,28.911999999999995,80.45,21,35.205999999999996
2026-10-06 10:15:00+02:00,39.34571655328798,30.818666666666658,80.45,21,49.582
2026-10-06 10:30:00+02:00,39.49889795918367,31.215999999999998,80.45,21,65.90866666666666
2026-10-06 10:45:00+02:00,37.91683900226757,31.429999999999996,80.45,21,61.85133333333333
2026-10-06 11:00:00+02:00,37.57195464852608,32.347333333333324,80.45,21,44.91685714285714
2026-10-06 11:15:00+02:00,36.779650793650795,29.550000000000008,76.42,21,41.093999999999994
2026-10-06 11:30:00+02:00,37.22621315192744,30.554000000000002,76.42,21,49.870666666666665
2026-10-06 11:45:00+02:00,37.495163265306125,29.983999999999998,76.42,21,46.896
2026-10-06 12:00:00+02:00,36.06594557823129,27.855333333333327,76.42,21,50.90533333333333
2026-10-06 12:15:00+02:00,37.65162811791383,29.779047619047613,76.29,21,55.794000000000004
2026-10-06 12:30:00+02:00,36.4180589569161,30.17733333333333,76.29,21,57.23076190476191
2026-10-06 12:45:00+02:00,34.114825396825395,23.192666666666668,76.29,21,45.63066666666667
2026-10-06 13:00:00+02:00,33.56952380952381,16.44466666666667,70.07399999999998,21,45.733999999999995
2026-10-06 13:15:00+02:00,31.24481179138322,17.052666666666664,70.07399999999998,21,35.96866666666668
2026-10-06 13:30:00+02:00,27.208149659863942,20.215333333333326,70.07399999999998,21,40.54933333333332
2026-10-06 13:45:00+02:00,21.431492063492062,16.009333333333316,70.07399999999998,21,26.277333333333335
2026-10-06 14:00:00+02:00,15.493741496598638,10.203333333333333,59.980000000000004,21,21.801333333333332
2026-10-06 14:15:00+02:00,13.557820861678005,5.747238095238096,41.09400000000001,21,19.569333333333333
2026-10-06 14:30:00+02:00,14.768154195011338,5.6213333333333395,41.09400000000001,21,23.89066666666666
2026-10-06 14:45:00+02:00,13.945446712018143,5.718666666666671,41.09400000000001,21,18.746000000000002
2026-10-06 15:00:00+02:00,14.547691609977326,5.710000000000001,41.09400000000001,21,31.074
2026-10-06 15:15:00+02:00,11.650247165532882,4.838000000000008,41.09400000000001,21,18.877857142857145
2026-10-06 15:30:00+02:00,10.417301587301589,4.8613333333333415,37.882000000000005,21,15.428666666666668
2026-10-06 15:45:00+02:00,10.270380952380952,3.906666666666659,35.903,21,18.123333333333335
2026-10-06 16:00:00+02:00,9.55968253968254,2.829333333333331,29.269999999999996,21,16.13733333333333
2026-10-06 16:15:00+02:00,8.393451247165533,3.173333333333332,25.574000000000005,21,13.666
2026-10-06 16:30:00+02:00,9.474376417233561,2.6999999999999957,25.574000000000005,21,13.506666666666668
2026-10-06 16:45:00+02:00,8.08377097505669,3.8339999999999996,24.653000000000002,21,14.472666666666665
2026-10-06 17:00:00+02:00,8.608058956916102,3.636000000000001,21.427999999999997,21,12.686666666666667
2026-10-06 17:15:00+02:00,7.917090702947847,3.334666666666669,21.427999999999997,21,13.527333333333333
2026-10-06 17:30:00+02:00,8.174691609977325,2.9739999999999993,27.400000000000002,21,12.361333333333334
2026-10-06 17:45:00+02:00,9.034702947845805,2.601333333333334,29.07,21,20.95542857142857
2026-10-06 18:00:00+02:00,9.488507936507936,2.8093333333333335,29.07,21,26.147333333333336
2026-10-06 18:15:00+02:00,9.280637188208615,2.7379999999999995,29.07,21,25.904000000000007
2026-10-06 18:30:00+02:00,8.39760090702948,2.64,29.07,21,12.743333333333332
2026-10-06 18:45:00+02:00,8.63574149659864,3.190666666666667,29.07,21,14.404666666666664
2026-10-06 19:00:00+02:00,8.516090702947846,3.2800000000000007,27.669999999999998,21,13.779333333333334
2026-10-06 19:15:00+02:00,6.951609977324263,3.329333333333334,28.79,21,9.658666666666667
2026-10-06 19:30:00+02:00,6.605333333333332,2.936666666666666,28.79,21,10.136000000000001
2026-10-06 19:45:00+02:00,8.470208616780045,2.810666666666667,28.79,21,24.888666666666666
2026-10-06 20:00:00+02:00,8.010031746031746,2.7533333333333334,28.79,21,12.194666666666667
2026-10-06 20:15:00+02:00,7.514158730158731,2.796666666666666,28.79,21,10.393333333333333
2026-10-06 20:30:00+02:00,6.886444444444444,2.9220000000000006,28.11,21,9.290666666666667
2026-10-06 20:45:00+02:00,7.390952380952381,2.9466666666666663,28.006,21,8.573333333333334
2026-10-06 21:00:00+02:00,8.78368253968254,3.1326666666666663,29.119999999999997,21,18.204000000000004
2026-10-06 21:15:00+02:00,9.178662131519275,3.084666666666667,29.119999999999997,21,23.568666666666665
2026-10-06 21:30:00+02:00,9.230829931972789,3.2346666666666675,29.119999999999997,21,15.178666666666667
2026-10-06 21:45:00+02:00,8.013460317460318,3.482,29.119999999999997,21,13.860714285714288
2026-10-06 22:00:00+02:00,7.60952380952381,3.0279999999999996,29.119999999999997,21,14.487333333333332
2026-10-06 22:15:00+02:00,6.510544217687074,3.0340000000000003,19.891000000000005,21,9.083333333333336
2026-10-06 22:30:00+02:00,7.320174603174603,2.7293333333333343,17.67399999999999,21,9.84
2026-10-06 22:45:00+02:00,7.905047619047619,2.8613333333333335,17.67399999999999,21,14.038
2026-10-06 23:00:00+02:00,7.944655328798187,3.0406666666666675,26.799999999999994,21,14.5
2026-10-06 23:15:00+02:00,7.615936507936508,3.0379999999999994,27.878999999999998,21,10.181333333333335
2026-10-06 23:30:00+02:00,6.977843537414967,2.8846666666666665,30.01,21,13.283999999999999
2026-10-06 23:45:00+02:00,9.100106575963718,3.351333333333333,30.01,21,26.128000000000007
